elapsed (s),x-axis (deg/s),y-axis (deg/s),z-axis (deg/s)
0,1.951,0.793,1.524
0,1.707,0.427,1.402
0,1.037,0.305,1.098
0.031,0.061,2.561,1.585
0.031,-1.402,3.963,0.549
0.031,-3.232,2.5,0.244
0.06,-3.963,0.122,1.341
0.06,-2.988,-1.89,1.646
0.06,-1.951,-2.561,1.402
0.089,-1.28,-2.5,1.098
0.09,-1.22,-2.134,0.915
0.09,-1.28,-1.646,0.976
0.12,-1.098,-1.707,1.037
0.12,-0.671,-1.829,1.098
0.12,-0.305,-1.524,0.915
0.15,-0.244,-0.732,0.671
0.15,-0.244,0.671,0.427
0.15,0.183,1.707,0.366
0.18,1.098,1.768,0.427
0.18,1.89,1.463,0.305
0.18,2.256,1.524,0.183
0.21,2.317,1.768,0.244
0.21,1.646,2.317,0.305
0.21,1.341,3.11,0.427
0.233,1.524,3.598,0.305
0.233,1.768,3.11,0.305
0.233,1.89,1.768,0.305
0.262,1.89,0,0.671
0.262,1.768,-1.28,1.098
0.262,0.854,-1.707,1.341
0.292,0,-1.28,1.402
0.292,-0.488,-0.549,1.22
0.292,-0.183,-0.122,1.28
0.322,1.037,0.183,1.402
0.322,2.378,0.244,1.341
0.322,3.11,0.244,1.463
0.353,3.293,0.732,1.585
0.353,3.049,1.89,1.585
0.353,2.439,1.829,1.707
0.385,1.768,1.098,1.951
0.385,1.585,0.183,2.134
0.385,1.829,-0.122,2.134
0.412,2.012,-0.122,2.073
0.412,2.378,-0.183,1.829
0.412,2.683,-0.61,1.646
0.442,2.988,-0.915,1.707
0.442,3.171,-0.61,1.646
0.442,3.293,0.122,1.646
0.473,3.476,0.854,1.585
0.473,3.354,0.854,1.768
0.473,2.927,0.488,1.646
0.502,2.195,-0.061,1.829
0.502,1.341,-0.305,2.134
0.502,0.61,-0.061,2.195
0.54,0.183,-0.183,2.317
0.54,0.366,-0.549,2.439
0.54,0.305,-0.488,2.317
0.562,0.061,0.122,1.951
0.562,0.122,0.732,1.768
0.562,0.915,1.402,1.89
0.592,1.89,2.256,1.768
0.592,2.5,2.866,1.524
0.592,2.683,2.927,1.463
0.623,2.317,2.195,1.585
0.623,1.463,2.073,1.463
0.623,0.976,1.768,0.976
0.652,0.793,1.159,0.732
0.652,1.524,0.61,0.732
0.653,1.951,0.061,0.488
0.682,2.256,-0.671,0.366
0.682,2.683,-1.341,0.671
0.682,3.11,-2.134,0.732
0.712,3.171,-2.256,0.793
0.712,3.232,-1.098,0.427
0.712,3.11,0.305,-0.061
0.743,3.049,1.22,-0.183
0.743,2.866,1.768,-0.183
0.743,2.439,1.89,-0.244
0.765,2.073,1.585,-0.305
0.765,1.951,1.22,-0.061
0.765,1.707,0.793,0.061
0.796,1.89,1.037,0.122
0.796,1.707,1.037,0.183
0.796,1.402,0.671,0.061
0.825,1.951,0.671,-0.061
0.825,2.378,0.854,-0.183
0.825,2.439,0.793,-0.305
0.854,2.5,0.976,-0.366
0.855,2.317,0.915,-0.244
0.855,2.073,0.427,0.061
0.884,1.89,0.183,0.305
0.885,1.768,0.427,0.061
0.885,1.707,1.524,-0.427
0.916,1.707,2.683,-0.427
0.916,1.89,3.293,-0.549
0.916,1.829,2.927,-0.549
0.945,1.585,1.524,-0.244
0.945,0.976,-0.671,0.122
0.945,0.183,-1.89,0.122
0.975,-0.427,-1.28,-0.183
0.975,-0.976,-0.122,-0.793
0.975,-0.488,0.671,-1.341
1.004,0.732,0.976,-1.463
1.004,1.585,0.732,-1.585
1.004,2.195,0.183,-1.402
1.034,2.744,-0.183,-1.22
1.035,2.805,-0.183,-1.037
1.035,2.805,0,-1.037
1.064,2.317,0,-1.037
1.064,2.073,0.183,-0.854
1.064,1.89,0.427,-0.549
1.095,1.159,0.427,-0.244
1.095,-0.061,0.244,-0.244
1.095,-1.037,-0.122,-0.183
1.125,-1.22,-0.61,-0.244
1.125,-0.854,-1.402,-0.244
1.125,-0.427,-1.341,-0.488
1.155,-0.244,-0.488,-1.037
1.155,0.549,0.244,-1.524
1.155,1.585,-0.305,-2.134
1.185,3.11,-1.524,-2.195
1.185,4.817,-2.744,-2.012
1.185,5.732,-3.232,-2.012
1.215,5.732,-2.805,-2.256
1.215,5.244,-1.89,-2.744
1.215,4.695,-0.671,-2.988
1.239,4.085,-0.244,-2.866
1.239,3.598,-0.488,-2.378
1.239,2.805,-0.732,-2.317
1.267,1.524,-0.427,-2.256
1.267,0.244,0.183,-1.768
1.267,-1.159,1.341,-1.037
1.297,-2.439,2.622,-0.793
1.297,-2.988,3.049,-1.159
1.297,-3.049,3.11,-1.341
1.329,-2.622,2.012,-1.22
1.329,-2.378,0.976,-0.915
1.329,-2.195,0.488,-0.366
1.357,-1.89,0.244,-0.122
1.357,-1.28,0.488,-0.244
1.357,-0.549,0.549,-0.488
1.387,0.061,0.244,-0.427
1.387,0.122,-0.122,-0.183
1.387,-0.183,-0.183,-0.305
1.417,-0.366,0.122,-0.427
1.417,0.061,0.61,-0.244
1.417,0.671,0.976,-0.183
1.447,0.732,1.585,-0.488
1.447,0.732,2.134,-0.671
1.447,0.793,2.317,-0.366
1.477,0.61,2.561,0
1.477,0.122,2.805,-0.061
1.477,0.061,3.11,-0.366
1.512,0.244,2.805,-0.366
1.512,0.427,2.195,0.122
1.512,0.732,2.012,0.549
1.537,0.427,2.195,0.305
1.537,0.305,1.159,0.122
1.537,0.183,-0.366,0.305
1.572,-0.244,-1.463,0.305
1.572,-0.549,-2.378,0.488
1.572,-0.183,-2.256,0.427
1.597,0.366,-0.671,-0.061
1.597,0.61,1.646,-0.61
1.597,0.854,3.293,-1.28
1.641,1.037,3.415,-1.585
1.642,0.61,1.951,-1.463
1.642,-0.61,-0.366,-1.28
1.675,-2.256,-1.585,-1.037
1.676,-3.78,-1.829,-1.098
1.676,-4.451,-1.22,-1.037
1.7,-4.146,-0.366,-1.22
1.7,-3.11,0.427,-1.829
1.7,-1.646,0.915,-2.012
1.717,-0.305,0.671,-1.951
1.717,0.061,0.305,-1.768
1.717,0,0,-1.524
1.749,-0.305,-0.305,-1.402
1.749,-0.915,-0.427,-1.28
1.75,-1.28,-0.305,-1.037
1.769,-1.585,-0.244,-0.976
1.769,-2.073,-0.549,-0.976
1.769,-2.317,-0.671,-1.159
1.8,-2.805,-0.671,-1.037
1.8,-2.866,-0.976,-0.976
1.8,-2.195,-1.341,-0.915
1.829,-1.341,-1.098,-0.915
1.83,-0.671,0.061,-1.098
1.83,-0.061,1.341,-1.28
1.875,-0.061,1.89,-1.402
1.875,-0.183,1.829,-1.159
1.875,-0.183,0.976,-1.159
1.89,-0.244,-0.061,-1.159
1.89,-0.61,-0.915,-1.037
1.89,-1.524,-1.829,-0.976
1.919,-2.256,-2.195,-0.793
1.919,-2.378,-2.195,-0.671
1.92,-1.707,-1.89,-0.915
1.949,-0.915,-1.159,-1.402
1.95,-0.061,-0.061,-1.829
1.95,0.305,0.671,-2.012
1.98,-0.061,1.341,-1.89
1.98,-0.366,2.073,-1.89
1.98,-0.671,2.744,-2.012
2.011,-0.732,2.988,-2.134
2.012,-0.732,2.805,-2.439
2.012,-0.671,2.561,-2.378
2.047,-0.671,1.951,-2.195
2.048,-0.732,1.098,-1.829
2.048,-0.549,0.488,-1.707
2.069,-0.366,-0.061,-2.012
2.07,-0.244,-0.366,-1.89
2.07,-0.366,-0.305,-1.524
2.099,-0.854,-0.427,-1.646
2.099,-0.915,-0.305,-1.768
2.1,-0.488,0.244,-1.707
2.129,-0.549,0.793,-1.89
2.13,-0.488,1.524,-1.707
2.13,-0.976,2.927,-1.768
2.16,-1.585,3.902,-1.768
2.16,-1.646,4.329,-1.829
2.16,-2.073,4.878,-2.256
2.19,-2.378,4.756,-2.012
2.19,-2.439,3.902,-1.768
2.19,-2.256,2.683,-1.341
2.22,-1.89,1.402,-0.976
2.22,-1.037,0.427,-1.098
2.22,0.061,-0.427,-1.22
2.25,0.183,-1.28,-1.28
2.25,-0.366,-1.89,-1.098
2.25,-1.28,-1.768,-1.159
2.272,-2.134,-0.61,-1.402
2.272,-2.134,1.402,-1.707
2.272,-1.524,4.207,-2.134
2.302,-0.488,6.402,-2.134
2.302,0.427,7.317,-2.134
2.302,0.732,6.951,-2.195
2.334,-0.061,5.488,-2.012
2.334,-1.585,3.598,-1.89
2.335,-3.171,2.5,-1.646
2.362,-4.329,1.28,-1.585
2.362,-4.695,0.427,-1.585
2.362,-4.39,-0.366,-1.646
2.392,-3.476,-1.098,-1.707
2.392,-2.317,-1.22,-1.463
2.392,-1.28,-1.037,-1.22
2.422,-0.366,-1.159,-1.463
2.422,-0.61,-1.037,-1.951
2.422,-0.61,-0.732,-1.159
2.497,-0.793,0.61,-1.098
2.497,-1.951,2.866,-0.122
2.497,-2.256,5.427,-2.012
2.505,-1.951,8.171,-3.476
2.506,-0.305,7.012,-2.988
2.506,-0.427,4.939,-2.744
2.512,-0.915,2.439,-2.622
2.512,-0.732,-0.61,-2.256
2.512,0.366,-3.293,-2.195
2.549,1.951,-4.695,-1.89
2.55,3.293,-5.427,-1.159
2.55,3.72,-4.634,-0.793
2.572,3.354,-3.232,-0.793
2.572,2.256,-1.463,-1.098
2.572,1.159,-0.122,-0.915
2.602,-0.122,1.037,-0.61
2.602,-2.744,1.585,-0.671
2.602,-5.427,1.707,-0.183
2.632,-7.561,2.561,0.183
2.632,-8.78,3.415,0.488
2.632,-9.024,3.598,0.915
2.662,-8.354,3.171,1.037
2.662,-7.195,1.768,1.159
2.662,-5.549,0.549,1.463
2.692,-4.329,0.366,1.463
2.692,-3.841,1.402,0.732
2.692,-3.354,3.171,-0.122
2.722,-2.5,4.573,-0.732
2.722,-1.463,5.061,-0.854
2.722,-1.098,4.512,-0.732
2.747,-0.732,3.293,-0.854
2.747,0.061,1.707,-0.854
2.747,0.671,0,-0.732
2.789,1.098,-1.341,-0.366
2.789,1.037,-2.317,-0.061
2.79,0.305,-3.293,0.122
2.804,-0.854,-3.963,0.061
2.805,-0.976,-4.268,0.122
2.805,-0.427,-3.841,0.244
2.865,0.488,-2.988,0.122
2.865,1.768,-2.256,-0.061
2.865,3.049,-2.195,-0.061
2.872,4.268,-2.561,0.122
2.872,5.488,-3.11,0.366
2.872,5.732,-4.146,0.427
2.904,4.817,-5.366,0.793
2.904,3.415,-6.159,1.037
2.904,1.22,-6.829,1.28
2.924,-0.854,-7.134,1.463
2.925,-2.5,-6.707,1.402
2.925,-3.841,-5.732,1.28
2.955,-4.756,-4.024,0.976
2.955,-5.244,-2.561,0.854
2.955,-5.488,-0.854,0.793
2.999,-5.488,1.037,0.671
2.999,-5.061,2.927,0.366
3,-4.451,4.268,0.305
3.015,-4.146,4.756,0.305
3.015,-4.451,3.598,0
3.015,-4.146,0.976,0.732
3.046,-3.841,-0.61,0.854
3.046,-3.293,-2.378,0.793
3.046,-1.646,-3.476,1.098
3.082,0.183,-3.902,1.22
3.082,2.012,-3.171,1.22
3.082,3.537,-1.402,1.28
3.105,4.268,0.915,1.341
3.105,3.78,3.232,1.341
3.105,2.5,5,2.012
3.134,1.28,5.61,2.683
3.135,0.793,4.573,1.402
3.135,-0.427,3.476,1.707
3.172,-1.524,2.317,1.829
3.172,-1.829,1.768,1.646
3.172,-2.012,1.768,1.28
3.195,-1.951,1.646,1.037
3.195,-1.159,1.463,1.037
3.195,0.244,0.854,1.098
3.232,1.829,0.793,1.037
3.232,3.049,1.159,1.159
3.232,3.841,1.768,1.463
3.262,3.78,2.134,1.28
3.262,3.11,1.646,1.22
3.262,2.195,-0.183,1.646
3.292,0.793,-2.5,1.89
3.292,-0.427,-4.329,2.195
3.292,-1.89,-5.244,2.012
3.315,-2.805,-5.061,1.768
3.315,-2.927,-4.207,1.22
3.315,-2.256,-2.988,0.549
3.337,-0.976,-2.012,0.305
3.337,0.61,-1.341,0.366
3.337,2.5,-0.366,-0.122
3.367,4.085,0.061,-0.488
3.367,5.122,0.183,-0.61
3.367,5.061,-0.061,-0.732
3.399,3.902,-0.671,-0.671
3.399,2.317,-1.098,-0.427
3.399,0.366,-1.341,-0.427
3.434,-0.854,-1.524,-0.732
3.434,-0.854,-1.89,-0.915
3.435,-0.732,-2.073,-0.976
3.457,-0.671,-2.439,-0.976
3.457,-0.244,-2.805,-0.427
3.457,0.549,-3.11,0
3.496,1.585,-3.171,0.061
3.496,2.561,-2.988,-0.122
3.496,2.561,-2.378,-0.488
3.525,1.951,-1.037,-0.671
3.526,1.159,0.671,-0.854
3.526,0.366,2.317,-1.037
3.57,-0.183,3.049,-1.037
3.571,-0.488,2.866,-1.159
3.571,-0.671,2.012,-1.098
3.585,-0.366,0.793,-0.976
3.585,-0.061,-0.854,-0.915
3.585,0.183,-2.073,-0.793
3.607,0.793,-2.256,-0.549
3.607,1.585,-2.134,-0.122
3.607,2.256,-1.28,0.183
3.637,2.561,0.183,0.122
3.637,2.622,1.22,0.061
3.637,2.805,1.585,0.183
3.69,2.5,1.22,-0.061
3.69,1.768,0.732,-0.305
3.69,0.732,0.305,-0.244
3.705,-0.122,0.183,0
3.706,-0.122,0.366,0
3.706,0.61,0.488,-0.061
3.729,1.707,-0.366,0
3.729,3.11,-2.195,0.488
3.729,4.207,-3.659,0.854
3.758,4.451,-4.024,0.854
3.758,3.902,-3.537,0.61
3.758,3.293,-2.622,0.427
3.796,2.866,-1.22,0.122
3.796,2.561,0,0.122
3.796,2.134,0.793,0.183
3.818,1.951,1.585,0.244
3.818,2.134,1.768,0.549
3.818,2.561,1.098,0.854
3.854,2.683,0.488,0.671
3.854,1.829,0.671,0.244
3.854,0.488,1.585,0.122
3.892,-0.427,2.805,0.305
3.892,-0.61,3.476,0.122
3.892,-0.549,3.415,-0.244
3.915,0.305,2.5,0.061
3.915,1.768,1.098,0.366
3.915,2.683,-0.183,0.305
3.931,2.866,-0.854,0.244
3.931,2.683,-1.463,0.488
3.931,2.256,-1.768,0.61
3.96,1.646,-1.585,0.61
3.96,1.037,-1.463,0.854
3.96,0,-1.159,1.159
3.99,-1.159,-0.732,1.28
3.991,-2.622,-0.366,1.28
3.991,-4.268,0.305,1.098
4.02,-5.183,1.28,0.915
4.02,-5.671,1.951,0.854
4.02,-5.549,1.89,1.037
4.05,-4.756,1.524,1.28
4.05,-3.78,1.098,1.646
4.05,-2.744,0.671,2.012
4.08,-1.951,0.854,2.5
4.081,-1.402,1.646,2.622
4.081,-1.402,2.744,1.951
4.125,-1.646,3.293,1.402
4.125,-0.671,3.232,1.524
4.125,0.183,2.683,1.585
4.148,0.244,1.89,1.22
4.148,-0.122,1.098,1.037
4.148,-0.488,0.366,1.22
4.169,-0.671,-0.183,1.28
4.17,-0.915,0,1.159
4.17,-0.732,0.427,0.976
4.2,-0.671,0.427,1.037
4.2,-1.037,-0.122,1.159
4.2,-1.89,-0.488,1.159
4.237,-2.744,-0.61,1.098
4.237,-3.049,-0.549,1.159
4.237,-2.561,-0.732,1.585
4.267,-1.22,-0.671,1.951
4.267,-0.549,0.305,1.463
4.267,-0.915,1.951,0.732
4.289,-1.402,4.146,0.549
4.29,-1.585,5.915,0.671
4.29,-1.585,6.89,0.305
4.313,-1.463,6.28,0.183
4.313,-0.793,3.72,0.671
4.313,-0.793,0.366,1.402
4.35,-1.22,-2.073,1.951
4.35,-1.585,-4.085,2.012
4.35,-1.341,-6.341,2.134
4.379,-0.61,-8.537,2.622
4.379,0.671,-9.268,3.232
4.379,1.951,-8.293,3.293
4.403,2.866,-6.28,3.11
4.403,3.598,-2.988,3.354
4.404,3.902,0.244,3.354
4.432,3.963,3.171,2.866
4.432,3.72,5.488,2.195
4.432,3.415,5.976,1.768
4.462,3.902,4.512,2.256
4.462,3.902,2.073,1.89
4.462,3.659,0.122,1.341
4.492,2.622,-0.732,0.549
4.492,1.402,-1.098,0
4.492,0.244,-0.976,-0.305
4.529,-1.037,-0.366,-0.793
4.53,-1.768,0,-0.976
4.53,-1.402,0.488,-1.829
4.561,-0.183,1.951,-2.134
4.561,1.28,3.293,-3.171
4.561,2.134,4.329,-3.78
4.582,3.11,3.72,-2.927
4.582,2.927,1.159,-2.012
4.582,2.439,-0.183,-2.012
4.619,1.585,-1.22,-2.134
4.619,0.976,-2.256,-1.524
4.619,0.61,-2.439,-0.915
4.642,0.061,-2.134,-0.793
4.642,-0.427,-1.951,-0.915
4.642,-0.122,-1.829,-0.488
4.672,0.183,-1.829,-0.061
4.672,-0.183,-1.646,0.366
4.672,-0.854,-1.098,0.427
4.702,-1.707,-0.366,0.305
4.703,-2.317,0.122,0.305
4.703,-2.988,0.366,0.488
4.733,-4.207,0.549,0.183
4.733,-4.817,0.61,0.183
4.733,-5,0.976,0.122
4.769,-5.305,1.524,-0.549
4.769,-5.244,2.134,-1.098
4.769,-4.756,3.232,-1.585
4.798,-4.512,4.085,-1.951
4.798,-4.512,4.024,-1.768
4.798,-4.39,3.659,-1.768
4.822,-4.024,3.232,-1.89
4.822,-3.11,2.988,-1.768
4.822,-2.195,2.683,-1.463
4.845,-1.707,2.744,-0.915
4.845,-1.951,2.622,-1.037
4.845,-2.195,2.866,-1.951
4.875,-2.378,2.195,-2.5
4.875,-1.585,0.366,-1.707
4.875,-0.61,0.61,-1.159
4.912,-0.488,0.976,-1.646
4.912,0.244,1.585,-2.195
4.912,1.463,2.073,-2.317
4.934,2.256,2.439,-2.256
4.934,1.951,2.5,-2.561
4.934,1.524,2.378,-2.378
4.964,0.488,2.256,-2.378
4.965,-0.122,2.195,-2.317
4.965,-0.061,2.317,-2.622
4.996,-0.427,2.195,-3.293
4.997,-1.037,0.488,-3.72
4.997,-0.732,-1.585,-3.11
5.024,0.183,-1.402,-2.927
5.025,0.732,-0.122,-3.72
5.025,0.976,0.305,-4.268
5.054,1.159,0.061,-4.024
5.054,1.22,-0.305,-3.232
5.054,0.61,0,-3.354
5.084,0.061,-0.061,-3.72
5.085,0.854,-0.305,-3.049
5.085,2.012,-0.793,-2.866
5.115,1.768,-2.073,-3.415
5.115,1.707,-3.963,-2.866
5.115,1.28,-4.878,-2.805
5.145,1.22,-4.207,-2.622
5.145,1.22,-1.89,-2.744
5.145,0.427,0.549,-3.232
5.175,-0.366,1.585,-3.354
5.175,-0.061,0.854,-3.049
5.175,0.732,-0.488,-2.988
5.205,0.915,-1.89,-2.927
5.205,0.854,-2.5,-2.683
5.205,0.488,-1.524,-3.049
5.234,-0.305,-0.305,-2.866
5.235,-0.549,-0.366,-2.073
5.235,-0.366,0.488,-2.378
5.265,0.244,1.037,-2.866
5.265,1.585,0.061,-2.256
5.265,2.683,-0.732,-1.341
5.302,3.049,-0.61,-1.159
5.302,2.927,-0.183,-1.159
5.302,2.5,0.183,-1.22
5.324,1.585,0.549,-1.463
5.326,1.22,0.793,-1.341
5.326,0.732,0.488,-1.037
5.347,0.549,-0.366,-0.854
5.347,0.915,-0.976,-0.732
5.347,1.037,-1.098,-0.854
5.377,1.707,-0.488,-1.098
5.377,2.622,0.915,-1.402
5.377,2.927,2.073,-1.646
5.407,3.415,2.256,-1.463
5.407,3.476,1.89,-1.28
5.407,3.354,0.305,-0.732
5.437,2.378,-1.22,-0.305
5.437,0.976,-1.463,-0.61
5.437,-0.061,-1.829,-0.854
5.467,0.305,-2.622,0.366
5.467,0.61,-2.866,1.829
5.467,0.183,-1.22,0.854
5.497,-0.549,0.732,-0.671
5.497,-0.793,1.037,-0.854
5.497,-0.183,0.976,-0.427
5.527,0.061,0.61,-0.488
5.527,0.488,-0.244,-0.366
5.527,0.61,-1.402,-0.305
5.557,0.488,-2.012,0.122
5.557,0.183,-1.951,0.183
5.557,-0.183,-1.28,0.061
5.587,-0.549,-0.305,-0.305
5.587,-0.854,0.61,-0.549
5.587,-0.732,1.159,-0.976
5.617,-0.793,0.671,-1.098
5.617,-0.671,0.366,-0.488
5.617,-1.159,-0.549,-0.671
5.648,-1.341,-1.707,-0.244
5.648,-0.732,-1.28,0.183
5.648,-0.488,-0.366,-0.061
5.677,0.244,0.427,0.305
5.678,1.098,1.159,0.488
5.678,1.28,0.732,-0.061
5.715,0.793,-1.159,-0.671
5.715,0.244,-3.537,0
5.715,0.671,-2.683,0.549
5.745,-1.585,-0.793,-0.366
5.745,-2.012,0.854,-1.341
5.745,-0.244,1.037,-1.524
5.775,1.159,0.976,-1.89
5.775,-0.183,-0.244,-1.951
5.775,-2.195,-1.402,-1.646
5.797,-2.866,-0.61,-1.768
5.797,-1.463,0.854,-1.585
5.797,0.061,2.256,-1.585
5.827,0.427,2.195,-2.134
5.827,0.976,0.427,-2.073
5.827,1.402,-1.098,-1.829
5.85,1.524,-1.646,-1.28
5.85,0.915,-1.098,-1.707
5.85,-0.488,-0.61,-1.951
5.88,-0.427,0.305,-1.524
5.88,0.427,0.671,-1.159
5.88,0.549,-0.427,-1.585
5.917,0.488,-1.159,-1.951
5.917,0.122,-0.671,-2.073
5.917,-0.488,-0.671,-2.378
5.939,-0.549,-0.732,-2.744
5.94,-1.28,-3.902,-3.537
5.94,-1.463,-10.061,-2.988
5.97,-0.183,-8.171,-3.415
5.97,-1.28,-6.585,-3.902
5.97,-1.341,-4.695,-3.11
5.999,-0.427,-2.134,-2.622
5.999,2.256,1.341,-2.317
5.999,3.232,3.232,-2.378
6.029,1.829,4.207,-2.683
6.029,0.122,3.963,-2.683
6.029,0.183,2.134,-2.622
6.06,2.195,0.488,-2.744
6.06,3.963,-0.61,-2.866
6.06,4.207,-1.341,-2.744
6.091,3.232,-1.524,-2.622
6.091,3.598,-0.366,-2.805
6.091,5.305,-0.305,-2.622
6.135,5.549,0.488,-2.134
6.135,3.72,1.768,-1.951
6.135,2.622,2.073,-1.89
6.15,2.073,1.28,-1.829
6.15,1.707,0.122,-1.646
6.151,2.073,-1.037,-1.22
6.18,2.927,-1.22,-0.671
6.18,3.598,-0.549,-0.366
6.18,3.537,-0.061,-0.305
6.21,3.232,0.854,-1.098
6.21,3.78,1.28,-1.829
6.21,3.72,0.793,-2.012
6.24,2.073,0.549,-1.89
6.24,0.915,0.488,-1.707
6.24,1.585,-0.732,-1.646
6.27,1.951,-1.22,-1.707
6.27,0.488,-0.366,-1.89
6.27,-0.488,0,-1.829
6.299,-0.061,-0.183,-1.829
6.299,0.427,-0.976,-1.951
6.299,0.427,-1.341,-2.134
6.33,-0.549,-1.829,-2.134
6.33,-1.098,-2.317,-2.073
6.33,-0.183,-1.585,-2.256
6.352,0.549,-0.61,-2.195
6.352,0.122,-0.061,-1.951
6.352,-0.244,0.122,-1.829
6.383,0.244,0.61,-1.829
6.383,0.427,0.976,-2.073
6.383,-0.122,0.854,-2.317
6.413,-0.671,0.61,-2.195
6.413,-1.159,0.305,-2.256
6.413,-1.28,-0.549,-1.768
6.442,-0.671,-1.159,-1.159
6.442,0.305,-1.341,-0.732
6.442,0.671,-2.195,-0.732
6.472,0.305,-2.561,-1.098
6.472,-0.183,-1.159,-1.463
6.472,-0.366,-0.305,-1.463
6.509,-0.61,-0.122,-1.28
6.51,-0.854,0.366,-1.098
6.51,-0.793,-0.488,-0.793
6.54,-0.732,-2.012,-0.61
6.54,-0.915,-2.683,-0.671
6.54,-0.549,-2.561,-0.61
6.562,0.305,-1.707,-0.488
6.562,0.122,-0.488,-0.366
6.562,-0.61,0,0
6.593,-0.732,-0.366,0
6.593,-0.854,-0.915,-0.488
6.593,-1.463,-0.793,-1.098
6.622,-2.5,-0.61,-1.402
6.622,-3.11,0.122,-1.524
6.622,-3.049,1.585,-1.646
6.652,-3.049,2.134,-1.585
6.652,-2.744,1.585,-1.341
6.652,-1.646,0.793,-1.28
6.682,-0.549,-0.366,-1.037
6.682,-1.28,-0.915,-0.61
6.682,-1.829,-1.037,-0.366
6.712,-1.463,-1.159,0.122
6.712,-1.341,-1.402,0.183
6.712,-2.073,-1.037,-0.305
6.742,-2.683,-0.244,-0.854
6.742,-3.232,0.854,-1.159
6.742,-3.841,2.012,-0.976
6.772,-3.902,2.5,-0.671
6.773,-2.744,2.073,-0.488
6.773,-1.341,0.854,-0.488
6.802,-0.732,0.183,-0.61
6.802,0.915,1.768,-1.768
6.802,2.805,1.037,-1.707
6.833,3.171,0.915,-1.159
6.833,1.098,3.415,-0.61
6.833,-0.793,3.72,-0.244
6.855,0.427,2.317,-0.61
6.855,1.463,1.22,-1.159
6.855,0.366,1.28,-0.976
6.884,-0.61,0.671,-0.732
6.884,-0.854,-0.61,-1.28
6.884,-1.524,-0.976,-1.951
6.914,-2.561,-0.427,-2.5
6.914,-2.622,0.915,-2.744
6.914,-2.561,2.195,-2.561
6.944,-2.073,3.293,-2.256
6.944,0.061,2.5,-2.012
6.944,2.134,0,-1.707
6.974,2.5,-1.402,-1.585
6.974,1.89,-2.012,-1.707
6.974,1.524,-1.159,-1.951
7.004,0.488,0.732,-1.89
7.004,-1.159,2.317,-1.707
7.006,-2.134,2.866,-1.524
7.034,-1.28,1.829,-1.159
7.034,-0.61,0.122,-0.488
7.034,-1.646,-0.061,-0.183
7.064,-3.232,0.915,0.183
7.064,-4.146,1.524,0.61
7.064,-3.415,2.134,1.159
7.095,-1.646,2.256,1.585
7.095,-1.829,1.768,1.768
7.095,-4.146,1.28,1.707
7.125,-6.341,1.037,1.707
7.125,-6.402,-0.305,2.378
7.125,-4.512,-1.28,3.049
7.155,-4.024,-0.854,3.598
7.155,-4.634,0.427,3.902
7.155,-4.573,1.524,3.963
7.184,-3.293,1.22,4.085
7.184,-1.402,-0.305,3.902
7.184,0.244,-2.012,3.78
7.214,-0.061,-3.415,4.085
7.214,-1.585,-3.72,4.451
7.214,-2.744,-2.256,4.756
7.245,-4.085,-0.427,5.427
7.245,-3.841,0.488,6.098
7.245,-1.951,0.427,6.402
7.282,0.549,0.061,6.463
7.282,2.683,1.159,6.341
7.282,3.902,3.415,6.89
7.305,5.427,6.098,6.28
7.305,7.988,4.573,5.366
7.305,10.854,2.744,5
7.334,11.28,2.622,4.878
7.335,12.195,2.378,5.244
7.335,13.72,2.134,5.854
7.365,14.268,3.293,5.732
7.365,14.451,5.427,5.488
7.365,12.683,6.707,5.61
7.387,11.707,7.744,5.427
7.387,10.671,7.012,5.305
7.387,8.78,3.841,5.427
7.417,7.805,0.793,5.915
7.417,5.366,-1.28,6.28
7.417,1.341,-2.744,7.927
7.447,-1.341,-0.793,8.415
7.447,-3.78,-1.463,9.329
7.447,-6.28,-2.5,9.939
7.477,-7.134,-1.159,9.085
7.477,-6.707,-1.037,7.561
7.479,-6.463,-0.061,5.854
7.508,-8.232,3.171,4.024
7.508,-10.305,5.854,2.622
7.508,-10.122,7.439,1.524
7.537,-6.768,7.561,0.671
7.537,-4.512,5.854,0.488
7.537,-4.329,4.939,1.159
7.567,-6.402,5.183,2.195
7.567,-8.659,5.61,3.232
7.567,-8.537,6.22,3.902
7.598,-7.256,3.963,4.39
7.599,-4.573,1.585,5
7.599,-2.317,0.854,5.793
7.628,-1.28,2.195,6.707
7.628,-1.28,3.476,8.171
7.628,0.976,4.634,8.963
7.657,5.854,5,9.695
7.657,9.634,6.341,11.098
7.657,11.098,9.573,11.829
7.687,9.817,10.61,12.012
7.687,7.927,11.524,11.707
7.687,4.512,9.756,11.22
7.717,3.963,6.951,12.5
7.717,8.11,5.183,14.024
7.717,9.573,5.793,14.512
7.747,9.939,8.049,16.341
7.747,12.134,8.78,17.927
7.747,12.5,11.402,18.232
7.777,12.378,12.683,19.695
7.777,12.5,9.939,20.549
7.777,10.122,8.354,21.037
7.808,7.073,6.646,22.744
7.808,6.037,3.049,24.695
7.808,7.744,0.732,26.341
7.837,8.354,-1.22,28.354
7.837,6.707,-4.268,30.366
7.837,6.646,-5.793,31.646
7.867,7.195,-7.012,32.439
7.867,5.915,-8.415,32.317
7.867,5.671,-8.476,30.671
7.897,5.61,-8.598,29.695
7.897,5.549,-7.805,29.207
7.898,7.439,-5.671,28.963
7.919,10.427,-1.037,28.841
7.919,8.11,2.439,28.232
7.919,4.39,2.744,27.134
7.95,2.622,1.098,25
7.951,-0.244,-0.671,21.829
7.951,-3.598,1.098,19.39
7.979,-5.854,2.012,16.951
7.979,-5,3.11,15.183
7.98,-5.793,5.305,13.415
8.01,-9.329,7.866,12.134
8.01,-11.768,10.305,10.427
8.01,-12.927,11.28,9.146
8.04,-15.488,9.451,8.415
8.04,-18.72,6.89,8.171
8.04,-20.915,5.732,8.415
8.07,-21.829,4.451,8.11
8.071,-19.695,1.768,7.195
8.071,-16.524,0.244,5.976
8.099,-15.671,2.317,4.329
8.099,-16.707,4.573,3.354
8.1,-16.22,4.817,2.744
8.129,-13.841,3.537,1.89
8.13,-13.841,0.122,1.768
8.13,-16.707,-4.085,2.195
8.161,-19.756,-9.268,2.988
8.161,-22.317,-16.951,3.78
8.161,-24.146,-26.707,4.207
8.19,-25.61,-36.707,5.061
8.19,-23.537,-36.463,6.402
8.19,-20.61,-25.793,6.829
8.219,-16.524,-12.439,6.951
8.219,-9.024,1.098,6.402
8.219,-4.024,10.915,5.061
8.257,-3.72,11.524,3.476
8.257,-2.378,5.671,1.585
8.257,-0.793,-1.768,-0.183
8.28,-3.902,-8.598,-0.366
8.28,-9.024,-9.939,0.122
8.28,-10.793,-7.988,0
8.309,-9.329,-5.732,-0.366
8.31,-7.317,-5.976,-1.463
8.31,-4.634,-6.28,-2.622
8.34,-3.049,-4.573,-4.024
8.34,-3.72,-1.159,-5.244
8.34,-5.732,0.915,-5.915
8.37,-5.61,-1.098,-6.22
8.37,-2.256,-6.22,-6.463
8.37,-1.768,-12.378,-6.585
8.393,-5.427,-16.585,-6.28
8.393,-7.195,-16.646,-6.098
8.393,-5.732,-12.5,-5.976
8.422,-5.854,-4.573,-7.012
8.422,-6.524,5.915,-8.902
8.422,-6.159,11.951,-10.549
8.452,-7.195,10.671,-11.159
8.452,-10.488,1.402,-10.427
8.452,-13.415,-11.463,-7.744
8.482,-16.707,-20.732,-4.634
8.482,-20.61,-26.402,-2.561
8.482,-21.585,-30.488,-1.463
8.52,-19.939,-28.72,-0.976
8.52,-17.927,-18.841,-1.037
8.52,-14.573,-3.476,-2.5
8.542,-9.939,9.085,-5.549
8.542,-7.195,12.073,-8.659
8.542,-6.341,10.183,-10.793
8.572,-6.159,10.427,-11.768
8.572,-5.305,12.012,-12.866
8.572,-3.415,12.195,-13.11
8.602,-3.171,10.305,-13.415
8.602,-3.171,8.232,-13.354
8.602,-1.402,7.256,-12.683
8.632,0.244,7.195,-11.89
8.632,-0.366,7.683,-10.549
8.632,-2.622,8.171,-9.085
8.662,-4.39,6.707,-7.866
8.662,-3.415,5.61,-7.561
8.662,-2.988,5.244,-7.744
8.692,-4.695,5.549,-7.866
8.692,-7.561,6.22,-7.561
8.692,-10.61,6.89,-6.037
8.745,-11.28,6.585,-4.268
8.745,-7.561,5.427,-2.988
8.745,-2.683,4.695,-2.317
8.752,0.061,5.915,-2.927
8.752,1.646,10.183,-4.085
8.752,2.622,15.122,-5.793
8.789,3.902,18.963,-7.195
8.79,4.451,22.012,-7.988
8.79,4.695,24.146,-8.537
8.812,5.122,25.244,-8.78
8.812,4.756,24.695,-7.805
8.812,4.451,23.72,-6.037
8.844,6.098,23.537,-3.354
8.844,7.927,22.5,-0.732
8.844,8.415,19.695,1.402
8.881,7.439,15.732,3.415
8.881,4.817,10.976,5.305
8.881,2.317,6.341,7.134
8.898,0.305,1.951,8.72
8.898,-1.707,0.183,9.695
8.898,-4.39,2.195,10.366
8.924,-5.366,7.134,10.61
8.924,-3.232,13.841,9.573
8.924,-2.134,16.646,8.841
8.955,-3.049,14.451,8.963
8.955,-2.317,11.159,9.39
8.955,1.098,7.561,10.244
8.999,3.476,3.11,11.463
8.999,3.049,-0.061,12.195
9,0.671,-2.073,11.768
9.022,-1.768,-5.549,11.22
9.022,-2.134,-7.927,11.098
9.022,-0.793,-6.707,10.732
9.067,0.61,-4.268,10.854
9.067,3.171,-0.61,10.793
9.067,5.793,3.415,9.573
9.075,4.939,4.268,8.11
9.075,2.439,2.073,6.098
9.075,1.402,-2.073,4.268
9.105,0.671,-5.61,3.11
9.105,-0.183,-5.488,1.829
9.106,0.549,-1.829,0.549
9.149,0.61,0.305,-0.549
9.149,0.305,0.976,-1.402
9.149,0.61,-0.366,-1.402
9.165,0.976,-2.988,-0.854
9.165,0.915,-5.122,0.366
9.165,0.122,-8.171,1.707
9.195,-1.463,-11.037,2.866
9.195,-3.354,-10.915,3.841
9.196,-3.72,-8.171,4.573
9.224,-1.646,-4.756,5.305
9.224,2.683,-0.488,5.366
9.224,6.159,1.341,4.756
9.264,6.524,1.707,4.573
9.264,3.841,2.5,5.061
9.264,0.183,1.28,6.22
9.322,-1.951,-4.878,8.11
9.322,-0.061,-11.098,10.122
9.322,4.756,-12.805,11.524
9.367,7.378,-10.427,12.378
9.367,7.561,-5.488,12.744
9.367,8.354,1.646,12.439
9.374,10.915,10.305,11.585
9.374,12.561,14.695,11.159
9.374,12.805,12.561,11.768
9.383,11.951,7.561,13.171
9.383,10.793,2.073,14.756
9.384,11.402,-2.683,16.098
9.405,12.561,-5.976,16.951
9.405,11.89,-8.659,17.317
9.405,11.524,-5.915,17.683
9.428,10.61,1.585,17.805
9.429,9.634,6.341,17.439
9.429,12.073,7.622,17.073
9.472,13.902,6.524,16.402
9.472,13.293,4.634,16.037
9.472,10.976,2.683,15.671
9.488,8.232,-0.244,15.122
9.488,6.463,-4.878,14.39
9.488,6.646,-7.927,13.78
9.518,7.5,-7.561,12.927
9.518,10.305,-2.256,11.524
9.518,12.622,6.159,9.085
9.547,12.683,12.378,6.098
9.547,12.073,15.244,4.024
9.547,8.659,16.159,2.073
9.577,2.195,13.415,1.159
9.577,-3.232,7.256,1.159
9.577,-4.39,-2.805,1.524
9.609,-1.524,-13.902,1.951
9.609,0.732,-18.232,1.829
9.611,-0.671,-14.695,-0.366
9.637,-1.341,-7.683,-4.329
9.637,-0.366,-2.744,-9.329
9.637,0.427,-1.524,-14.39
9.667,0.732,-3.476,-18.841
9.667,2.805,-8.171,-22.012
9.667,5.549,-12.744,-23.963
9.727,7.866,-14.39,-25.427
9.727,10.915,-14.573,-27.012
9.727,14.207,-13.415,-28.72
9.736,14.146,-11.951,-30.427
9.736,10.854,-10.915,-31.463
9.736,6.585,-8.902,-32.012
9.773,2.622,-5.549,-31.89
9.773,-1.037,-4.085,-31.768
9.773,-6.707,-5.122,-31.768
9.787,-14.024,-9.146,-31.89
9.787,-18.659,-14.817,-31.646
9.789,-18.963,-21.951,-31.89
9.817,-15.671,-24.512,-31.463
9.817,-10.915,-17.195,-32.256
9.817,-6.28,-7.195,-32.134
9.848,-2.622,-2.683,-33.598
9.848,-4.268,0.366,-36.707
9.848,-8.415,5.244,-39.817
9.877,-12.622,5.244,-43.293
9.877,-13.354,1.037,-46.585
9.877,-12.683,-2.134,-49.39
9.907,-11.402,-4.939,-49.695
9.907,-5.61,-5.671,-47.439
9.907,3.963,-3.049,-45.427
9.931,9.451,2.988,-43.963
9.931,7.378,9.39,-42.866
9.931,1.585,11.098,-43.537
9.959,-3.415,7.134,-45.183
9.959,-9.451,1.829,-45.976
9.959,-17.866,-0.122,-45.61
9.989,-23.78,0.427,-42.988
9.99,-24.695,-3.963,-38.72
9.99,-18.841,-8.171,-34.024
10.027,-13.72,-7.866,-31.159
10.027,-13.659,-6.524,-29.817
10.027,-15.305,-3.476,-29.634
10.05,-17.866,0.793,-30.427
10.05,-20.854,3.963,-31.28
10.05,-23.11,3.049,-31.768
10.079,-22.256,-1.646,-30.976
10.079,-20.244,-6.646,-29.512
10.08,-20.061,-10.61,-28.049
10.109,-20.549,-12.622,-26.646
10.109,-18.659,-10.244,-25.671
10.109,-14.939,-4.512,-25.183
10.139,-12.927,-0.61,-25.793
10.14,-12.744,0.305,-27.012
10.14,-13.415,-0.061,-28.171
10.169,-13.11,0.427,-29.207
10.169,-13.72,-0.793,-28.72
10.169,-16.22,-5,-26.585
10.2,-15.244,-8.171,-23.537
10.2,-11.585,-7.5,-20.244
10.2,-9.817,-6.037,-18.537
10.237,-9.756,-4.085,-16.402
10.237,-7.256,1.28,-14.329
10.237,0.061,6.646,-13.537
10.259,7.378,5.732,-12.988
10.259,11.159,-0.671,-13.11
10.259,13.78,-7.073,-13.659
10.289,14.939,-11.22,-12.988
10.289,12.927,-11.22,-11.402
10.29,10.244,-8.598,-11.159
10.319,9.756,-6.22,-9.695
10.32,9.512,-3.354,-8.963
10.32,9.573,-2.439,-9.756
10.349,11.707,-6.037,-10.244
10.35,14.268,-9.39,-11.098
10.35,15.427,-10.305,-11.341
10.379,14.329,-10.488,-11.585
10.379,11.951,-11.28,-10.915
10.379,8.659,-10.671,-10.061
10.409,6.524,-8.232,-8.11
10.409,5.061,-5.427,-5.671
10.409,4.512,-4.756,-4.024
10.432,7.012,-7.683,-3.232
10.432,9.939,-13.049,-2.683
10.432,8.963,-15.061,-2.683
10.462,4.939,-12.622,-3.293
10.462,3.415,-9.512,-4.085
10.462,5.671,-8.171,-5
10.492,7.256,-7.988,-5.732
10.492,7.134,-6.951,-6.524
10.492,7.561,-5,-6.28
10.522,9.024,-3.963,-6.341
10.522,9.756,-3.171,-6.646
10.522,7.5,-3.232,-6.22
10.552,4.268,-4.146,-5.671
10.552,2.439,-4.268,-4.512
10.552,2.073,-2.073,-3.963
10.582,1.585,-1.585,-4.146
10.582,0.305,-3.415,-4.024
10.583,-1.707,-4.756,-3.72
10.612,-4.085,-5.061,-3.72
10.612,-5.854,-4.207,-3.415
10.612,-7.073,-2.195,-3.72
10.642,-9.024,-0.915,-3.78
10.642,-11.402,0.61,-2.927
10.642,-13.354,2.073,-2.195
10.672,-12.683,1.89,-1.829
10.672,-10.854,-0.549,-2.073
10.672,-9.573,-3.78,-2.927
10.709,-8.537,-5.244,-4.634
10.709,-8.78,-4.573,-6.585
10.709,-11.585,-4.329,-7.988
10.732,-12.622,-0.732,-7.988
10.732,-11.159,6.22,-7.683
10.732,-8.293,10.732,-8.049
10.769,-5.61,12.195,-8.293
10.771,-4.207,14.695,-8.902
10.772,-4.573,17.866,-9.695
10.793,-4.878,21.646,-9.878
10.793,-6.22,23.476,-8.902
10.793,-7.744,23.598,-7.561
10.822,-9.573,19.878,-5.793
10.822,-10.976,10.915,-1.28
10.822,-10.366,0.366,3.598
10.852,-6.341,-4.512,8.232
10.852,-0.793,-2.561,11.707
10.852,3.11,2.378,14.939
10.882,4.451,8.902,17.195
10.882,3.841,13.659,17.927
10.882,2.744,14.268,18.232
10.928,2.378,11.037,17.805
10.928,3.476,5.183,17.561
10.928,3.72,-0.427,17.073
10.935,3.902,-2.988,16.829
10.936,4.39,-3.78,16.951
10.936,3.72,-3.78,17.073
10.972,2.622,-2.012,16.646
10.972,3.354,2.256,15.854
10.972,4.817,6.707,14.634
11.018,4.268,8.78,13.598
11.018,2.561,11.098,12.561
11.018,0.854,12.073,11.159
11.042,1.098,9.268,9.939
11.042,2.805,5.305,8.841
11.042,1.951,1.22,7.561
11.055,-1.098,-3.293,6.707
11.055,-2.5,-5.305,6.28
11.055,-1.341,-5.976,7.012
11.084,-0.61,-3.598,6.829
11.084,-1.707,-0.732,5.671
11.084,-0.61,-1.402,4.634
11.114,1.28,-1.159,2.866
11.114,2.195,0.488,2.073
11.114,1.463,0.549,1.707
11.152,-2.5,1.89,1.951
11.152,-5.183,4.634,2.5
11.152,-3.415,7.195,2.988
11.182,-0.854,6.585,2.805
11.182,4.756,2.073,3.11
11.182,11.402,-1.951,2.866
11.204,8.537,-2.195,1.28
11.204,1.402,-1.037,-0.427
11.204,1.159,-3.72,-1.22
11.25,3.72,-9.451,-2.073
11.25,2.988,-12.561,-2.622
11.25,1.402,-11.829,-2.744
11.265,1.22,-6.402,-3.171
11.265,0.122,2.5,-2.988
11.265,-2.805,10.366,-2.561
11.303,-1.951,14.817,-2.805
11.303,-0.366,15.366,-3.049
11.303,-0.976,12.5,-3.293
11.324,-0.488,9.146,-3.659
11.324,0.488,3.841,-4.207
11.324,1.28,-5.122,-4.207
11.354,2.5,-13.049,-4.39
11.354,2.622,-14.573,-4.085
11.354,2.134,-10.671,-3.11
11.384,1.463,-5.61,-2.561
11.384,1.585,-1.585,-2.927
11.384,4.024,0.122,-4.146
11.414,6.402,-0.549,-4.756
11.414,7.195,-1.951,-5
11.414,7.866,-2.073,-6.037
11.444,8.72,-3.11,-6.646
11.444,8.293,-5.305,-6.646
11.444,8.963,-6.707,-7.134
11.468,10.61,-6.89,-7.561
11.468,10.732,-5.183,-7.622
11.468,9.146,-1.28,-8.049
11.504,8.049,4.207,-8.232
11.504,7.927,8.232,-8.537
11.504,8.476,7.866,-8.902
11.527,8.537,3.902,-7.866
11.527,7.988,-1.463,-5.854
11.527,6.829,-8.476,-2.5
11.557,5.183,-21.098,0.915
11.557,6.037,-37.317,3.963
11.557,8.171,-49.573,4.329
11.596,5.793,-52.378,1.28
11.596,-2.561,-45.549,-5.488
11.596,-14.329,-30.915,-14.329
11.617,-22.622,-9.024,-22.012
11.617,-20.305,16.22,-29.512
11.617,-10.732,33.78,-34.39
11.647,-4.024,40.427,-35.854
11.647,-1.89,42.256,-37.073
11.647,6.098,34.939,-34.451
11.677,25.122,17.378,-30.305
11.677,24.329,15,-29.878
11.677,1.524,15.793,-28.049
11.715,-19.329,19.085,-24.939
11.715,-24.085,32.378,-20.854
11.715,-19.634,48.11,-16.28
11.737,-13.049,54.512,-11.037
11.737,-5.366,50.976,-5.793
11.737,1.037,39.756,-2.622
11.767,5.61,23.537,-1.402
11.767,11.28,6.829,-1.159
11.767,16.28,-6.524,-0.305
11.797,16.707,-13.72,-0.305
11.797,12.622,-14.939,-1.829
11.797,7.683,-11.463,-2.805
11.835,2.317,-6.89,-2.744
11.835,-4.024,-0.244,-3.354
11.835,-11.646,6.768,-3.537
11.857,-15.122,7.622,-3.537
11.857,-11.585,0.732,-3.232
11.857,-6.402,-6.89,-3.293
11.887,-4.39,-10,-3.537
11.887,-4.756,-9.512,-3.841
11.887,-5.122,-6.89,-4.573
11.925,-5.305,-5.976,-5.244
11.925,-5.183,-4.329,-5.671
11.925,-4.939,-0.61,-6.524
11.947,-4.085,0.366,-6.768
11.947,-2.195,1.463,-6.89
11.947,-2.683,2.134,-8.232
11.969,-4.085,1.037,-9.695
11.969,-3.232,3.78,-10.854
11.969,-1.768,10.122,-12.317
12.001,-0.244,16.951,-13.659
12.001,-0.915,18.72,-15
12.001,-4.878,12.866,-15.366
12.03,-8.049,4.573,-14.817
12.03,-9.207,-0.732,-13.78
12.03,-9.634,2.5,-10.427
12.06,-2.378,5.61,-7.683
12.06,2.195,2.256,-3.72
12.06,-6.707,-0.427,-0.976
12.089,-16.159,-1.341,-0.915
12.089,-20.549,-1.402,-0.671
12.09,-21.829,-2.256,-0.671
12.119,-17.927,-3.78,-1.037
12.12,-10.732,-7.866,-1.037
12.12,-5.976,-11.341,-2.073
12.15,-3.476,-11.707,-3.11
12.15,-2.134,-11.463,-3.354
12.15,-1.951,-10.915,-3.476
12.18,-3.476,-9.085,-4.329
12.18,-5.732,-6.28,-5.793
12.18,-8.476,-3.659,-7.012
12.21,-13.537,-0.061,-7.378
12.21,-17.317,4.573,-7.195
12.21,-18.598,6.646,-7.134
12.239,-19.085,6.463,-7.134
12.24,-17.378,5.183,-7.317
12.24,-12.012,2.927,-7.5
12.269,-3.11,-0.915,-7.866
12.269,3.841,-8.476,-8.354
12.269,6.28,-12.805,-8.78
12.299,5.183,-11.22,-9.268
12.299,3.232,-10.122,-9.939
12.299,2.378,-10.61,-11.707
12.337,1.768,-10.854,-13.232
12.337,2.195,-12.134,-12.622
12.337,2.378,-10.793,-11.463
12.382,2.256,-7.134,-11.28
12.382,2.622,-3.963,-11.707
12.382,4.939,-2.744,-11.585
12.39,6.768,-2.683,-11.159
12.39,5.732,-1.951,-10
12.39,3.72,0.671,-9.146
12.419,2.866,4.024,-8.415
12.419,0.732,9.878,-6.89
12.419,-2.744,16.463,-6.646
12.465,0.61,15.732,-5.915
12.465,5.488,10.427,-4.512
12.465,7.622,4.451,-2.439
12.472,7.744,-0.122,-1.159
12.472,5.854,-1.524,0.915
12.472,3.598,-2.439,2.256
12.51,5.183,-4.634,2.927
12.51,9.207,-5.183,2.988
12.51,10.61,-4.695,3.415
12.533,10.61,-4.939,3.659
12.533,11.402,-4.573,3.72
12.533,12.927,-2.866,2.866
12.562,12.439,-5.915,1.646
12.563,11.768,-10.366,0.549
12.563,13.171,-11.951,0.366
12.599,13.476,-11.463,-0.061
12.599,9.878,-9.146,-2.5
12.599,7.561,-7.866,-3.171
12.629,4.695,-7.012,-2.256
12.629,1.89,-2.988,-1.28
12.629,0.366,0.671,-0.427
12.66,-1.037,3.232,-0.915
12.661,-0.427,4.207,-2.988
12.661,2.317,3.232,-3.72
12.704,4.878,2.866,-2.622
12.704,6.22,3.963,-0.732
12.704,5.305,6.585,0.427
12.712,1.28,10.366,0.183
12.712,-2.073,13.049,-0.61
12.712,-2.622,13.11,0.122
12.744,-4.024,15.183,0.183
12.744,-8.598,20.976,-1.037
12.744,-11.341,24.451,-3.963
12.772,-8.659,20.244,-4.329
12.772,-5.976,6.951,-3.232
12.772,-1.585,-9.695,3.293
12.818,0.122,-6.341,7.988
12.818,1.037,2.439,10.305
12.818,3.171,4.817,11.585
12.832,2.256,1.463,10.854
12.832,1.768,-1.829,11.159
12.832,-0.793,-5.244,11.768
12.862,-6.524,-10.244,12.439
12.862,-9.207,-14.329,13.171
12.862,-10.061,-19.268,12.744
12.922,-8.78,-25.61,10.854
12.923,-4.756,-30.427,8.232
12.923,-2.378,-30.61,5.61
12.937,-2.317,-27.866,3.232
12.937,-4.085,-24.756,1.463
12.937,-5.549,-21.28,-0.732
12.952,-6.646,-17.378,-3.415
12.953,-6.22,-11.89,-5.671
12.953,-7.866,-5.488,-7.622
12.989,-12.805,-1.098,-8.049
12.989,-18.293,1.829,-7.378
12.989,-20.183,3.293,-5.61
13.012,-19.512,2.561,-3.415
13.012,-19.817,0.061,-1.098
13.012,-18.78,-1.829,1.159
13.034,-14.695,-4.756,5.183
13.035,-11.707,-7.378,8.232
13.035,-9.085,-7.805,9.817
13.064,-6.951,-7.134,9.817
13.064,-3.476,-5.366,8.11
13.064,0.732,-4.085,7.195
13.103,3.354,-4.024,6.829
13.103,5.122,-4.451,6.707
13.103,6.585,-5.183,6.768
13.125,6.89,-5.366,6.037
13.126,7.927,-4.268,4.512
13.126,12.256,-1.341,1.829
13.155,17.988,2.378,-2.012
13.156,22.012,5.122,-5.549
13.156,25.061,5.488,-7.439
13.185,27.195,3.049,-8.049
13.185,27.683,-0.122,-8.11
13.185,25.488,-2.317,-8.232
13.214,19.756,-4.024,-7.805
13.215,12.927,-4.817,-7.561
13.215,4.329,-4.939,-6.707
13.246,-4.268,-4.146,-4.512
13.246,-9.573,-1.89,-2.378
13.246,-9.024,0.366,-0.915
13.282,-5.915,0.793,0.61
13.282,-3.232,0.61,2.012
13.282,0.549,0.549,2.5
13.304,4.024,-1.159,2.988
13.304,5.793,-3.049,3.476
13.304,7.378,-4.268,2.927
13.335,5.427,-5.122,2.927
13.335,1.341,-4.756,3.72
13.335,-2.317,-3.902,4.878
13.364,-5.732,-3.354,6.707
13.367,-9.878,-2.866,8.415
13.367,-11.037,-1.646,8.598
13.402,-9.024,-0.671,7.927
13.402,-6.159,-1.098,6.89
13.402,-4.39,-1.585,5.854
13.425,-4.268,-1.524,5.061
13.425,-4.329,-1.037,4.024
13.425,-4.817,-0.549,3.11
13.454,-4.695,0.427,2.683
13.454,-4.817,1.524,3.11
13.454,-5.793,2.744,4.024
13.485,-5.61,3.902,4.451
13.485,-3.72,4.451,4.085
13.485,-0.61,5.061,2.744
13.508,3.841,4.207,1.89
13.508,6.098,2.561,1.768
13.508,5.976,2.378,1.829
13.537,6.89,2.195,1.341
13.537,7.683,1.159,0.366
13.537,5.793,0.061,-0.732
13.568,3.415,-0.183,-2.195
13.568,0.976,-0.671,-3.354
13.568,-2.073,-1.463,-3.841
13.597,-5.305,-1.829,-4.085
13.597,-7.744,-1.341,-4.451
13.597,-7.439,-1.22,-5.427
13.627,-6.037,-2.195,-6.098
13.627,-6.585,-2.927,-6.28
13.627,-6.829,-2.927,-6.037
13.665,-4.512,-3.049,-6.341
13.665,-1.89,-4.39,-6.829
13.665,-0.305,-5.915,-7.256
13.694,1.463,-6.28,-8.293
13.695,3.049,-6.585,-9.573
13.695,2.927,-7.683,-10.183
13.717,2.195,-8.72,-10.732
13.717,0.976,-9.024,-11.707
13.717,-2.073,-8.232,-12.439
13.755,-6.341,-7.073,-12.561
13.755,-8.902,-4.756,-12.256
13.755,-8.659,-1.463,-12.256
13.777,-6.463,0.244,-12.683
13.777,-3.841,0.305,-13.354
13.777,-1.037,-0.305,-13.78
13.807,0.366,-0.854,-13.78
13.807,-1.159,-1.341,-13.476
13.807,-3.963,-1.829,-12.622
13.837,-4.085,-2.134,-12.256
13.837,-4.756,-2.378,-12.134
13.837,-6.463,-2.256,-12.378
13.867,-6.89,-0.61,-13.232
13.867,-6.951,0.732,-13.841
13.867,-8.232,1.402,-14.207
13.897,-8.354,1.829,-14.451
13.897,-8.293,1.098,-14.756
13.897,-7.622,-0.305,-15.061
13.927,-8.171,-2.744,-15
13.927,-10.61,-4.634,-14.695
13.927,-13.476,-5.488,-14.329
13.964,-16.159,-6.707,-13.354
13.965,-19.207,-7.317,-12.927
13.965,-19.695,-5.976,-13.659
13.987,-16.646,-5,-14.207
13.987,-13.171,-4.207,-14.39
13.987,-8.415,-4.756,-11.585
14.01,-6.341,-6.098,-12.988
14.01,-4.939,-6.159,-13.659
14.01,-3.232,-6.524,-12.073
14.04,-4.512,-7.439,-10.122
14.04,-8.354,-7.256,-9.024
14.04,-9.329,-7.683,-9.024
14.069,-7.622,-8.171,-8.232
14.069,-5.305,-6.463,-9.268
14.069,-1.829,-4.207,-10.976
14.101,2.439,-3.232,-13.049
14.101,4.451,-2.439,-14.695
14.101,3.537,-2.134,-14.39
14.13,0.366,-1.22,-13.963
14.13,-5,-0.061,-13.171
14.13,-12.317,-0.122,-12.256
14.16,-19.939,-1.585,-11.037
14.16,-22.5,-3.049,-12.5
14.16,-17.134,-3.902,-17.134
14.19,-11.829,-2.5,-20.183
14.19,-8.841,-4.634,-27.866
14.19,-11.037,0.305,-26.22
14.219,-16.585,6.524,-26.28
14.219,-29.146,14.573,-21.646
14.219,-41.707,17.927,-21.22
14.265,-48.232,9.817,-21.037
14.265,-45.427,-5.183,-15.061
14.265,-36.402,-14.146,-11.098
14.28,-30.976,-9.817,-12.439
14.28,-29.512,1.585,-13.415
14.28,-30.915,8.598,-20.427
14.31,-32.683,4.329,-24.329
14.31,-27.378,1.89,-27.622
14.31,-18.963,2.439,-28.293
14.34,-13.049,6.159,-32.134
14.34,-10.671,7.256,-36.951
14.34,-12.988,4.329,-35.305
14.369,-15.488,1.524,-37.073
14.369,-10.793,0.793,-42.927
14.37,-6.89,3.232,-42.805
14.4,-7.012,4.695,-42.256
14.4,-11.524,3.537,-38.841
14.4,-16.951,2.195,-37.439
14.429,-14.451,3.902,-41.037
14.429,-4.024,7.012,-43.598
14.429,6.037,10.793,-45
14.461,9.817,14.146,-45.366
14.461,9.756,18.72,-39.573
14.461,12.622,23.598,-33.78
14.497,24.756,29.634,-27.378
14.497,36.28,33.415,-29.146
14.497,38.232,32.378,-36.28
14.513,29.329,25.549,-44.024
14.513,17.988,21.159,-46.585
14.513,11.524,19.146,-47.073
14.558,9.573,14.939,-51.524
14.558,15.366,12.5,-59.329
14.558,25.244,10.427,-72.561
14.572,25.671,8.902,-77.866
14.572,24.085,6.951,-84.268
14.572,28.476,7.378,-94.329
14.609,31.037,12.805,-99.39
14.609,25.793,20.854,-87.256
14.61,8.963,25.915,-63.72
14.64,-14.329,31.402,-29.939
14.64,-33.415,35.671,-6.28
14.64,-40.366,38.537,-2.927
14.677,-40.122,48.293,-7.927
14.677,-33.963,42.622,-9.451
14.677,-24.939,25.244,-17.927
14.692,-8.171,21.951,-27.683
14.692,4.695,29.878,-38.841
14.692,7.378,36.951,-44.024
14.723,-2.012,40.549,-40.305
14.723,-18.598,39.756,-32.561
14.723,-31.463,39.878,-26.951
14.752,-36.159,41.463,-27.012
14.752,-39.512,41.646,-26.402
14.752,-50,38.476,-20.427
14.783,-60.244,34.817,-14.878
14.783,-62.622,34.451,-13.963
14.783,-59.878,38.78,-17.012
14.812,-56.768,44.451,-19.085
14.812,-56.037,47.988,-16.098
14.812,-58.232,47.866,-10.122
14.843,-59.939,46.951,-5.671
14.843,-55.244,45.793,-2.805
14.843,-48.293,42.927,3.11
14.879,-43.659,41.463,4.695
14.88,-32.683,41.22,-0.793
14.88,-19.573,42.073,-5.976
14.902,-15.122,46.829,-6.951
14.903,-12.866,50.305,-5.183
14.903,-8.963,50.183,-7.439
14.932,0.122,46.341,-15.976
14.932,12.683,40.61,-24.573
14.932,19.085,41.524,-30.549
14.962,21.28,44.695,-27.805
14.962,19.085,45.244,-20.793
14.962,25.244,45.915,-21.646
15.023,39.39,49.634,-28.232
15.023,51.585,53.476,-30.427
15.023,59.939,54.878,-28.841
15.029,71.098,55.915,-29.512
15.029,76.829,62.378,-31.951
15.029,78.537,67.866,-31.098
15.046,79.024,70.549,-24.878
15.046,79.939,75.549,-19.329
15.046,80.61,82.317,-18.72
15.082,83.598,83.963,-16.585
15.082,82.866,85.732,-8.232
15.082,80.854,93.659,-0.488
15.119,83.354,103.902,-1.646
15.119,87.5,111.463,-2.5
15.119,89.329,116.646,1.341
15.135,89.024,120.61,5.183
15.135,84.756,124.634,8.354
15.135,72.5,127.866,17.195
15.172,58.476,132.866,30.122
15.172,43.354,142.988,41.951
15.172,30.976,148.72,52.317
15.203,28.354,141.951,54.756
15.203,29.146,127.378,48.598
15.203,38.476,106.646,38.293
15.226,60.488,68.659,22.561
15.226,77.317,18.171,8.232
15.226,87.439,-12.5,2.439
15.277,89.207,-13.963,5.549
15.277,88.537,4.512,9.085
15.277,84.756,24.512,10.854
15.286,72.622,42.439,21.098
15.286,61.341,63.171,37.195
15.286,52.622,67.561,45.976
15.314,47.988,51.28,46.829
15.314,48.598,33.598,49.024
15.314,50.671,27.317,53.476
15.345,56.037,30.915,57.866
15.346,66.829,33.72,53.415
15.346,84.695,31.524,35.061
15.374,108.049,26.951,7.988
15.374,135.183,22.378,-20.549
15.375,155.488,18.11,-41.341
15.412,157.256,10.61,-40.61
15.412,140.183,-2.439,-16.524
15.412,110.122,-29.268,17.561
15.434,86.159,-67.866,47.683
15.435,88.354,-88.11,61.463
15.435,62.012,-68.902,64.39
15.48,36.707,-41.159,55.122
15.48,27.805,-31.159,43.537
15.48,13.963,-33.171,40.671
15.494,2.012,-42.744,46.463
15.494,-11.22,-53.293,46.402
15.495,-34.634,-58.476,47.683
15.525,-70.061,-59.756,67.866
15.525,-111.402,-66.707,107.988
15.525,-154.268,-88.293,158.72
15.57,-194.573,-117.012,211.646
15.57,-224.451,-143.476,251.585
15.57,-231.403,-162.012,265.183
15.578,-219.634,-171.159,253.598
15.578,-203.293,-173.72,225.732
15.578,-192.317,-178.415,204.756
15.607,-193.171,-195.183,207.622
15.607,-200.427,-220.854,226.037
15.607,-202.439,-241.22,243.598
15.645,-198.476,-254.085,263.842
15.645,-200.671,-269.329,284.756
15.646,-201.585,-288.354,287.378
15.668,-199.146,-300.183,264.939
15.668,-195.366,-308.171,235.488
15.668,-187.988,-321.89,218.598
15.698,-190.671,-335,208.293
15.698,-198.354,-336.585,203.598
15.698,-204.939,-328.842,213.049
15.729,-220.854,-316.646,234.695
15.729,-246.342,-299.573,254.329
15.729,-273.902,-274.085,253.11
15.757,-295.549,-244.695,225.915
15.757,-316.281,-212.927,192.378
15.757,-339.512,-193.293,170.305
15.787,-362.866,-193.11,153.11
15.787,-373.476,-199.146,133.415
15.787,-377.805,-197.439,119.329
15.817,-400.549,-192.561,123.476
15.817,-438.476,-165.427,140.915
15.817,-487.378,-101.585,164.695
15.854,-555.671,-19.268,200.671
15.855,-637.195,61.646,242.866
15.855,-705.061,136.89,277.866
15.907,-742.744,214.451,289.329
15.907,-764.39,289.512,275.61
15.907,-772.561,355.549,247.866
15.914,-762.927,402.256,219.817
15.914,-734.512,443.963,196.524
15.914,-694.878,500.183,178.232
15.937,-652.256,548.476,164.451
15.937,-604.939,579.024,159.451
15.937,-555.061,601.768,168.598
15.967,-504.817,629.756,178.293
15.967,-454.634,649.024,178.049
15.967,-397.622,646.524,171.951
15.997,-334.146,637.378,165.732
15.997,-270.183,627.683,155.549
15.997,-212.622,623.72,142.134
16.043,-167.256,626.951,130.915
16.043,-131.342,631.037,129.268
16.043,-104.329,632.012,147.012
16.057,-84.085,624.146,175.793
16.057,-60.305,624.024,198.232
16.057,-32.012,629.573,207.805
16.117,-8.598,619.024,218.11
16.117,4.634,588.293,247.866
16.117,19.878,548.415,280.61
16.125,36.22,507.927,302.927
16.125,59.695,469.939,304.573
16.125,88.415,441.951,296.402
16.139,112.866,424.146,291.585
16.139,135.61,401.951,290.122
16.139,152.866,377.256,293.842
16.179,170,353.415,304.024
16.179,179.939,335.793,316.89
16.179,184.756,324.085,320.915
16.199,182.866,318.659,324.634
16.199,174.085,317.378,328.232
16.199,169.146,309.878,327.866
16.229,166.463,293.049,338.293
16.229,164.146,267.561,351.829
16.229,169.573,253.293,347.195
16.261,169.207,257.073,340.427
16.261,166.22,264.451,333.963
16.261,163.476,266.281,320.732
16.304,157.683,260.915,301.707
16.304,149.146,256.707,281.342
16.304,138.598,262.256,267.988
16.334,117.134,272.012,268.963
16.335,92.866,277.866,267.073
16.335,69.878,284.512,257.134
16.35,45.366,293.72,247.866
16.35,21.707,303.72,234.146
16.35,2.439,308.781,214.024
16.379,-9.634,312.683,187.378
16.379,-25.244,316.951,164.573
16.379,-49.878,316.098,157.5
16.409,-82.378,320.061,154.939
16.409,-116.524,327.805,145.061
16.409,-148.171,325.671,133.842
16.441,-174.146,316.037,119.695
16.441,-196.585,305.427,99.146
16.441,-216.098,287.622,71.22
16.477,-229.573,265.488,34.878
16.477,-240.549,248.354,7.5
16.477,-263.476,231.707,2.561
16.508,-294.39,213.72,-5.366
16.509,-324.756,195.427,-22.622
16.509,-354.39,176.89,-39.512
16.529,-380.854,151.098,-63.232
16.53,-403.781,112.683,-96.098
16.53,-427.805,64.573,-125.305
16.552,-446.342,11.159,-134.878
16.552,-471.524,-34.024,-119.085
16.552,-501.768,-85.366,-124.939
16.582,-501.098,-163.781,-166.159
16.582,-481.342,-269.695,-209.39
16.582,-465.549,-376.646,-238.781
16.612,-473.781,-470.427,-260.976
16.612,-511.281,-581.646,-283.781
16.612,-655.122,-734.634,-360.549
16.643,-1149.878,-752.988,-516.159
16.643,-1915.976,-567.805,-920.732
16.643,-1997.988,-492.927,-1227.561
16.679,-1989.573,-518.293,-1207.622
16.679,-1994.756,-533.598,-1186.159
16.679,-1997.988,-543.72,-1188.841
16.703,-1997.988,-556.037,-1185.976
16.703,-1997.927,-568.476,-1182.683
16.703,-1997.988,-580.732,-1180
16.74,-1997.988,-592.805,-1177.073
16.74,-1997.988,-604.512,-1173.902
16.74,-1997.988,-616.342,-1170.915
16.763,-1997.988,-628.293,-1167.988
16.763,-1997.988,-640.183,-1165.061
16.763,-1997.988,-652.317,-1162.073
16.793,-1997.988,-664.268,-1159.207
16.793,-1997.988,-675.915,-1156.281
16.793,-1997.988,-687.805,-1153.415
16.822,-1997.988,-700.061,-1150.366
16.822,-1997.988,-712.378,-1147.561
16.822,-1997.988,-724.634,-1145
16.852,-1997.988,-736.585,-1142.195
16.852,-1997.988,-748.354,-1139.329
16.852,-1997.988,-760,-1136.341
16.882,-1997.988,-771.585,-1133.415
16.882,-1997.988,-783.293,-1130.61
16.882,-1997.988,-795.122,-1127.744
16.916,-1997.988,-806.951,-1124.939
16.916,-1997.988,-818.598,-1122.012
16.916,-1997.988,-830.244,-1119.024
16.942,-1997.988,-842.134,-1116.037
16.942,-1997.988,-854.268,-1113.293
16.942,-1997.988,-866.342,-1110.732
16.972,-1997.988,-878.232,-1108.232
16.972,-1997.988,-889.878,-1105.61
16.972,-1997.988,-901.342,-1102.866
17.002,-1997.988,-912.622,-1100
17.002,-1997.988,-924.085,-1097.317
17.002,-1997.988,-935.61,-1094.451
17.032,-1997.988,-947.195,-1091.585
17.032,-1997.988,-958.598,-1088.841
17.032,-1997.988,-969.878,-1085.976
17.062,-1997.988,-981.159,-1083.049
17.062,-1997.988,-992.866,-1080.061
17.063,-1997.988,-1004.939,-1077.378
17.086,-1997.988,-1016.707,-1075.061
17.086,-1997.988,-1028.049,-1072.622
17.086,-1997.988,-1039.39,-1070.061
17.123,-1997.988,-1050.427,-1067.439
17.123,-1997.988,-1061.646,-1064.695
17.123,-1997.988,-1073.049,-1061.829
17.146,-1997.988,-1084.39,-1059.146
17.147,-1997.988,-1095.488,-1056.524
17.147,-1997.988,-1106.402,-1053.659
17.174,-1997.988,-1117.317,-1051.037
17.174,-1997.988,-1128.902,-1048.11
17.174,-1997.988,-1140.671,-1045.427
17.219,-1997.988,-1152.317,-1043.171
17.219,-1997.988,-1163.598,-1041.098
17.219,-1997.988,-1174.329,-1038.719
17.234,-1997.988,-1184.939,-1036.341
17.234,-1997.988,-1195.671,-1033.963
17.235,-1997.988,-1206.707,-1031.463
17.264,-1997.988,-1217.683,-1029.024
17.264,-1997.988,-1228.659,-1026.463
17.264,-1997.988,-1239.39,-1024.024
17.302,-1997.988,-1250.061,-1021.463
17.302,-1997.988,-1261.037,-1018.781
17.302,-1997.988,-1272.439,-1016.037
17.347,-1997.988,-1283.842,-1013.72
17.347,-1997.988,-1295,-1011.707
17.347,-1997.988,-1305.488,-1009.634
17.354,-1997.988,-1315.732,-1007.378
17.354,-1997.988,-1326.037,-1005.061
17.355,-1997.988,-1336.585,-1002.927
17.393,-1997.988,-1347.195,-1000.732
17.393,-1997.988,-1357.805,-998.415
17.393,-1997.988,-1368.293,-996.159
17.414,-1997.988,-1378.476,-993.842
17.415,-1997.988,-1388.781,-991.22
17.415,-1997.988,-1399.634,-988.476
17.468,-1997.988,-1410.915,-986.159
17.468,-1997.988,-1421.829,-984.207
17.468,-1997.988,-1426.829,-961.403
17.483,-1997.988,-1192.073,636.951
17.483,-1997.988,-1327.561,1997.988
17.483,-1997.988,-1307.988,1997.988
17.505,-1997.988,-1160.488,1965.244
17.505,-1997.988,-1048.293,1997.988
17.505,-1997.988,-934.451,1997.988
17.529,-1997.988,-815.488,1997.256
17.529,-1997.988,-695.793,1997.988
17.529,-1997.988,-574.939,1997.988
17.557,-1997.988,-452.805,1997.988
17.557,-1997.988,-329.695,1997.988
17.557,-1997.988,-205.488,1997.988
17.596,-1997.988,-80.183,1997.988
17.596,-1997.988,45.671,1997.988
17.596,-1997.988,172.378,1997.988
17.618,-1997.988,299.695,1997.988
17.618,-1997.988,427.683,1997.988
17.618,-1997.988,556.159,1997.988
17.677,-1997.988,685,1997.988
17.677,-1997.988,814.146,1997.988
17.677,-1997.988,943.537,1997.988
17.707,-1997.988,1072.988,1997.988
17.707,-1997.988,1202.439,1997.988
17.707,-1997.988,1331.89,1997.988
17.723,-1997.988,1461.281,1997.988
17.723,-1997.988,1590.366,1997.988
17.723,-1997.988,1719.024,1997.988
17.767,-1997.988,1847.256,1997.988
17.767,-1997.988,1967.683,1997.988
17.767,-1997.988,1997.988,1997.988
17.797,-1997.988,1997.988,1997.988
17.797,-1997.988,1997.134,1997.988
17.797,-1997.988,1997.988,1997.988
17.805,-1997.988,1997.988,1997.988
17.805,-1997.439,1997.378,1994.024
17.805,-1254.39,1240.122,705.305
17.829,-117.134,542.805,-1054.268
17.829,-281.951,357.195,311.646
17.829,-218.354,469.695,421.098
17.859,326.646,648.598,722.988
17.859,810.915,497.439,619.756
17.859,-407.988,-160.854,-318.232
17.895,-335.671,-56.524,-310.854
17.895,150,121.342,-213.842
17.895,195.61,95.366,-32.988
17.925,156.342,78.537,192.744
17.925,86.159,128.293,266.646
17.925,57.195,143.415,194.695
18.007,99.817,173.293,131.342
18.007,126.098,210.854,167.317
18.007,72.378,223.11,205.427
18.052,87.378,250.61,158.232
18.053,87.195,210.305,77.988
18.053,87.683,144.39,15.61
18.083,85.61,94.024,-7.744
18.083,67.927,55.976,-25.305
18.083,18.963,26.768,-49.634
18.097,-25.549,18.354,-81.585
18.097,-45.183,21.707,-100.854
18.097,-45.976,44.512,-97.927
18.106,-51.341,53.415,-91.768
18.106,-53.171,50.244,-88.232
18.106,-45.061,48.049,-80.732
18.158,-33.415,38.11,-71.646
18.158,-15.854,28.171,-62.744
18.158,-1.098,23.293,-57.073
18.195,3.72,17.683,-58.171
18.197,-2.805,7.073,-62.195
18.197,-18.902,-4.024,-67.195
18.226,-30,-16.037,-70.305
18.226,-33.841,-22.378,-69.39
18.226,-31.524,-21.89,-65.183
18.292,-24.634,-21.341,-62.378
18.292,-15,-22.622,-63.78
18.292,-5.427,-17.317,-65.671
18.322,2.073,-9.817,-66.707
18.322,8.598,-6.585,-67.073
18.322,13.476,-6.829,-67.439
18.39,19.512,-10.305,-67.561
18.39,26.098,-13.72,-70.366
18.39,37.561,-14.39,-79.634
18.442,53.11,-14.451,-81.89
18.442,72.866,-12.073,-48.841
18.442,87.805,0.793,-29.329
18.614,103.902,5.793,-19.756
18.615,118.902,9.939,-9.207
18.615,132.988,18.11,-1.89
18.96,151.829,36.098,4.756
18.96,153.963,48.11,10
18.96,165.732,46.402,21.829
18.999,176.768,45.366,35.488
18.999,187.5,50.61,42.317
18.999,198.842,55.366,44.512
19.014,210.061,63.598,45.671
19.014,225.793,75.976,50.61
19.014,228.293,97.378,54.573
19.044,203.842,110.366,81.28
19.044,185.915,115.244,98.293
19.044,173.476,107.927,102.134
19.05,171.281,84.512,91.585
19.05,179.451,61.037,63.841
19.051,180.427,43.902,22.683
19.081,185.854,32.805,-7.866
19.081,198.659,33.354,-11.22
19.081,215.732,54.146,21.22
19.102,201.829,70.427,70.793
19.102,193.659,79.756,72.622
19.102,185.366,78.902,80.61
19.154,174.573,72.378,81.89
19.155,163.902,63.232,61.707
19.155,150.671,51.341,34.329
19.215,132.317,44.085,14.146
19.215,110.183,44.207,3.72
19.215,86.037,47.134,-5.122
19.238,-125.427,-13.659,84.268
19.238,-128.537,-11.098,77.622
19.238,-130.854,-5.488,70.732
19.238,-133.049,4.268,62.439
19.238,-134.512,15.122,53.78
19.238,-134.268,24.207,47.927
19.254,-134.512,30.915,46.768
19.254,-134.634,40.061,44.756
19.254,-120.427,31.768,37.927
19.268,-109.878,27.317,22.805
19.268,-116.22,44.939,-1.037
19.268,-104.146,44.573,-9.756
19.29,-92.134,27.134,-12.317
19.29,-84.939,10.122,-20.488
19.29,-81.28,7.439,-38.171
19.312,-87.622,14.146,-58.11
19.312,-99.268,19.878,-72.622
19.312,-109.268,20.915,-82.256
19.32,-112.439,14.939,-87.683
19.32,-108.354,10.732,-86.524
19.32,-97.012,17.866,-80.915
19.343,-83.841,36.829,-70.854
19.343,-71.951,57.195,-55.976
19.343,-64.634,65.366,-40.61
19.379,-59.085,44.756,-2.195
19.379,-53.049,42.927,5.366
19.379,-45.732,38.598,11.341
19.389,-38.049,31.524,16.402
19.389,-32.5,20.61,22.134
19.389,-25.793,2.988,29.085
19.411,-11.768,3.171,19.024
19.411,-1.89,19.39,-2.988
19.411,-4.39,33.049,-22.317
19.419,-17.378,37.256,-33.659
19.419,-32.683,32.927,-38.537
19.42,-44.39,23.293,-40.427
19.433,-50.915,16.829,-43.659
19.433,-55.976,15.305,-43.902
19.433,-59.329,16.341,-36.341
19.441,-59.024,20.488,-25.976
19.441,-57.866,30.549,-17.927
19.441,-59.451,44.329,-13.049
19.448,-57.744,50.427,-7.012
19.448,-48.598,47.195,1.28
19.448,-39.756,42.683,9.756
19.478,-34.634,42.866,16.768
19.478,-36.037,48.476,22.622
19.479,-46.341,52.988,25.549
19.514,-66.524,54.451,17.073
19.515,-77.866,46.585,15.183
19.515,-76.28,57.561,14.329
19.531,-82.256,66.098,16.28
19.532,-94.756,53.049,5.122
19.533,-104.024,41.098,-19.817
19.545,-100.732,33.659,-27.866
19.545,-85.854,32.561,-24.268
19.545,-61.646,40,-19.939
19.575,-40.549,47.866,-13.232
19.575,-31.159,48.476,-7.317
19.575,-29.329,44.146,-2.439
19.597,-30.244,35.366,2.256
19.597,-29.268,25.549,9.878
19.597,-23.232,19.451,23.171
19.634,-9.939,37.378,45.244
19.634,20.61,32.5,52.012
19.634,22.866,22.012,63.659
19.672,6.524,41.22,72.195
19.672,4.573,40.244,63.476
19.672,5.061,32.622,56.89
19.703,8.11,20.183,52.134
19.703,15.549,7.073,57.317
19.703,24.512,3.354,65.488
19.739,30.183,0.305,65.549
19.74,30.488,-6.037,55.61
19.74,34.756,-10.061,34.268
19.747,39.085,-12.927,9.024
19.747,27.744,-18.841,-21.707
19.747,1.768,-20.061,-59.512
19.799,-17.805,-10.793,-97.378
19.799,-22.256,9.329,-126.524
19.8,-22.073,13.232,-114.024
19.807,-23.659,7.866,-73.72
19.807,-10.61,19.39,-75.854
19.807,5.427,39.207,-99.207
19.837,7.5,46.707,-108.293
19.837,-0.183,45.061,-99.573
19.837,-1.585,39.268,-88.476
19.882,23.354,20.732,-61.951
19.882,52.683,21.402,-41.707
19.882,56.22,44.695,-46.463
19.905,46.463,47.012,-43.902
19.905,25.244,37.256,-38.171
19.905,-5.732,33.232,-33.598
19.927,-38.354,34.329,-32.866
19.927,-61.707,33.598,-32.195
19.927,-72.134,32.012,-33.659
19.957,-78.841,35,-44.146
19.957,-87.439,40.305,-58.293
19.957,-97.073,45.427,-68.902
19.987,-102.012,57.317,-75.122
19.988,-94.268,73.354,-79.756
19.988,-71.768,76.89,-84.939
20.017,-40.671,68.354,-83.476
20.017,-11.89,57.134,-74.695
20.017,3.049,46.28,-64.329
20.069,7.683,35,-58.659
20.069,6.22,31.89,-56.768
20.069,0.183,37.561,-56.951
20.084,-7.439,45.183,-61.402
20.084,-13.902,50.244,-71.037
20.084,-20,51.768,-77.012
20.107,-26.585,47.744,-69.817
20.107,-16.341,42.439,-65.366
20.107,-7.439,34.939,-53.232
20.129,1.341,27.012,-33.72
20.129,24.39,16.159,-8.72
20.129,39.939,3.476,-3.171
20.167,38.232,-0.61,-6.585
20.167,44.146,7.256,-5.549
20.167,53.049,17.683,-14.207
20.189,57.805,24.024,-33.963
20.189,70.244,31.341,-50.427
20.189,96.28,40.488,-55.976
20.219,124.207,41.341,-55.244
20.219,147.744,26.22,-52.378
20.219,160.061,21.829,-53.72
20.257,160.183,44.329,-57.439
20.257,155.244,79.512,-55
20.257,139.451,106.951,-36.524
20.304,110.793,119.207,-16.22
20.304,85.854,114.512,-7.805
20.304,71.524,100.183,-12.988
20.369,65.671,90.61,-27.195
20.369,61.768,77.073,-43.72
20.373,57.256,59.939,-61.037
20.378,57.256,48.78,-79.268
20.378,65.427,49.39,-95.488
20.378,68.11,59.573,-94.695
20.394,56.951,61.463,-86.829
20.394,30.671,51.22,-64.573
20.394,3.902,33.293,-42.988
20.415,-15,12.317,-34.451
20.415,-25.427,-1.28,-22.927
20.415,-32.5,-9.146,2.5
20.429,-19.207,-28.537,-1.098
20.429,-9.878,-44.512,-8.049
20.429,1.463,-47.317,0.061
20.467,20,-47.012,13.902
20.467,33.841,-48.598,22.744
20.467,35.61,-47.805,26.524
20.489,29.878,-48.415,25.915
20.489,19.146,-49.573,19.329
20.489,6.524,-40.976,9.329
20.527,-6.585,-32.134,1.463
20.527,-18.232,-35.671,-5.122
20.527,-27.683,-47.622,-6.585
20.55,-27.683,-57.622,-10.793
20.55,-19.024,-54.939,-18.72
20.55,-8.354,-48.476,-20.305
20.58,-1.646,-45.305,-17.5
20.58,1.768,-46.646,-14.207
20.58,-0.732,-49.756,-9.451
20.655,-9.817,-44.939,-4.512
20.655,-18.293,-30.671,-8.476
20.655,-30.305,-22.927,-13.598
20.671,-52.012,-31.22,-15.305
20.671,-70.122,-42.988,-14.024
20.671,-73.659,-47.5,-7.073
20.685,-66.768,-47.927,6.768
20.685,-52.5,-46.28,23.659
20.685,-32.866,-44.207,33.78
20.692,-7.317,-44.329,33.232
20.692,12.012,-45.671,19.085
20.692,20.244,-44.207,6.159
20.723,24.634,-40.793,2.134
20.723,27.317,-37.195,7.439
20.723,30.244,-29.451,21.768
20.753,30.183,-23.78,30.061
20.753,29.756,-18.659,33.72
20.753,26.768,-18.354,33.963
20.782,26.28,-21.585,33.415
20.782,33.354,-21.829,35.915
20.782,41.402,-20.549,36.28
20.835,45.061,-18.963,32.927
20.835,45.793,-17.195,27.744
20.835,45.305,-13.902,21.768
20.843,43.659,-9.146,15.305
20.843,40.122,-2.256,11.22
20.843,35.976,7.317,8.659
20.872,33.049,15.488,3.72
20.872,30.793,21.341,1.951
20.872,28.476,27.073,-0.793
20.903,28.171,35,-3.293
20.903,27.927,41.22,-4.146
20.904,26.768,43.902,-7.256
20.939,25.366,44.695,-11.768
20.94,25.671,45.244,-15
20.94,24.756,42.988,-18.171
20.97,20.244,39.085,-20.488
20.97,14.817,39.634,-21.159
20.97,11.098,40.183,-20.915
20.992,3.293,36.829,-19.146
20.992,0.488,36.524,-20.061
20.992,-2.683,35.122,-25.366
21.031,-10.671,35.549,-32.561
21.031,-16.463,34.451,-39.146
21.031,-21.951,37.439,-46.402
21.052,-28.293,41.524,-51.463
21.052,-34.878,45.122,-51.89
21.052,-39.878,51.22,-48.293
21.09,-37.378,60.793,-46.89
21.09,-30.549,69.085,-40.427
21.09,-22.5,67.622,-23.72
21.112,-11.341,58.902,-0.854
21.112,-2.683,49.939,23.537
21.112,-0.305,45.366,42.134
21.173,-5.366,47.378,48.72
21.173,-16.463,48.659,49.39
21.173,-28.11,47.195,44.207
21.187,-34.695,47.378,33.11
21.187,-32.805,45.122,21.037
21.187,-27.073,40.183,11.646
21.202,-23.415,36.829,7.317
21.202,-20.976,34.817,0.671
21.202,-20.366,33.354,-11.098
21.232,-16.707,33.354,-20.061
21.232,-13.049,37.073,-21.89
21.232,-15.366,42.134,-16.89
21.269,-19.085,39.939,-10.061
21.269,-20.305,28.537,-1.524
21.269,-20.488,14.634,12.866
21.307,-18.72,5.183,34.39
21.307,-14.024,-0.244,58.659
21.307,-11.585,-3.841,81.707
21.323,-14.39,-6.159,103.049
21.323,-15.427,-9.207,116.707
21.323,-12.134,-12.317,119.756
21.344,-13.354,-9.756,116.707
21.345,-19.451,1.524,107.012
21.345,-18.476,21.768,86.098
21.421,-10.061,43.232,61.341
21.421,2.5,54.024,40.793
21.421,13.049,53.659,24.756
21.427,14.695,49.512,12.256
21.428,10.488,43.232,3.049
21.428,9.024,32.805,-4.268
21.434,12.5,19.878,-10.915
21.435,15.061,9.146,-14.512
21.435,14.329,4.268,-14.573
21.465,15.671,4.146,-13.171
21.466,23.963,9.39,-10.671
21.466,37.988,18.049,-6.646
21.518,51.524,23.354,-2.317
21.518,57.317,10.854,0.427
21.518,48.476,-18.232,4.085
21.524,38.415,-35.488,5.427
21.525,33.72,-39.085,0.854
21.525,23.354,-35.183,-3.415
21.554,14.634,-30.244,-4.268
21.554,19.329,-37.439,-0.732
21.554,29.146,-54.817,12.256
21.592,33.72,-61.585,35.976
21.592,36.646,-54.756,62.866
21.592,38.415,-40.732,82.683
21.609,37.927,-18.537,92.561
21.609,38.598,9.939,96.646
21.609,40.915,37.134,99.451
21.637,45.793,51.646,101.646
21.637,48.171,46.585,96.524
21.637,39.878,40.488,90.183
21.667,32.256,31.037,83.171
21.667,32.927,21.037,71.585
21.667,35.671,15.183,56.402
21.697,35.549,11.402,48.598
21.697,33.049,4.268,53.72
21.697,23.78,-7.317,68.354
21.727,10.915,-21.768,78.72
21.727,0.671,-33.598,78.11
21.727,-3.537,-31.22,74.329
21.757,-8.963,-15.915,67.866
21.757,-18.415,-5.732,53.415
21.757,-27.317,-7.5,32.317
21.796,-31.037,-18.841,12.683
21.796,-21.707,-21.89,-5.549
21.796,-2.134,-5.793,-21.646
21.817,13.415,2.988,-28.232
21.817,21.646,5.366,-28.841
21.817,21.585,9.695,-32.134
21.855,12.988,13.11,-35.122
21.855,2.378,13.476,-28.72
21.855,-2.195,17.5,-13.537
21.877,-1.707,23.293,2.988
21.877,-0.244,26.524,16.341
21.877,-0.549,29.207,23.72
21.914,-1.22,30.549,21.22
21.915,1.768,28.11,10.976
21.915,7.988,23.659,-3.963
21.938,15.305,17.012,-22.622
21.938,18.78,7.683,-37.561
21.938,16.829,-19.512,-46.585
21.967,-7.988,-94.939,-52.561
21.967,4.024,-107.988,-51.768
21.967,33.415,-79.634,-56.707
21.997,53.598,-62.927,-63.476
21.997,69.024,-50.305,-71.159
21.997,77.988,-47.927,-78.293
22.027,93.598,-35.61,-76.463
22.027,109.39,-21.707,-75.122
22.027,100.305,-33.78,-79.878
22.057,73.354,-41.585,-70.61
22.057,25.427,-30.61,-71.159
22.057,-14.512,-28.171,-95.305
22.087,-21.768,-34.634,-138.476
22.087,-12.256,-35.061,-170.732
22.087,2.622,-37.561,-157.805
22.117,1.524,-37.195,-132.561
22.117,-6.646,-30.122,-107.134
22.117,-13.78,-24.268,-79.695
22.147,-27.927,-29.756,-60.671
22.148,-47.256,-29.878,-50.183
22.148,-60.732,-22.073,-39.146
22.169,-64.695,-10.976,-22.5
22.17,-63.171,2.866,3.354
22.17,-62.439,17.927,35
22.199,-60.732,31.22,63.902
22.2,-55.366,41.098,84.695
22.2,-47.744,49.39,99.634
22.229,-41.098,54.268,111.463
22.229,-33.963,52.683,119.512
22.229,-25.549,48.659,119.146
22.261,-19.085,43.841,110.427
22.261,-19.634,33.72,94.207
22.261,-22.073,23.963,74.146
22.289,-23.049,19.512,57.622
22.291,-20.061,18.171,49.939
22.291,-14.39,18.11,52.561
22.319,-12.744,20.549,64.207
22.32,-22.744,29.207,80
22.32,-43.293,48.537,88.598
22.349,-68.841,70.427,84.634
22.349,-95.427,89.207,66.768
22.349,-122.561,101.463,39.268
22.38,-145.244,107.805,9.695
22.38,-158.781,110.427,-14.634
22.38,-157.012,114.329,-22.439
22.409,-144.878,119.695,-13.293
22.409,-122.988,119.207,2.378
22.409,-88.476,105.244,15.61
22.447,-45.915,84.207,23.11
22.447,-3.415,67.5,26.159
22.447,31.159,57.195,25.061
22.47,53.963,49.146,20.732
22.47,66.707,45.244,14.39
22.47,67.866,45.671,8.232
22.499,59.756,49.451,5.061
22.499,52.5,56.037,5.366
22.5,49.634,66.707,3.293
22.54,45.183,76.89,-2.866
22.54,33.293,85.061,-8.537
22.54,19.146,93.537,-10.732
22.559,8.841,99.207,-8.841
22.559,5.61,95.915,-2.988
22.559,10.732,88.72,1.951
22.61,11.28,75.305,4.207
22.61,9.268,63.476,4.085
22.61,9.268,55.61,1.585
22.619,10,49.451,1.341
22.619,12.744,42.256,5
22.621,16.829,35.183,11.341
22.649,19.512,29.268,18.171
22.649,19.207,24.268,22.012
22.649,17.866,20.732,25.061
22.672,13.171,17.744,27.012
22.672,2.012,16.707,29.268
22.672,-7.927,16.585,32.744
22.71,-12.988,14.268,31.159
22.71,-14.695,11.463,25.488
22.71,-17.134,7.073,20.427
22.732,-24.268,1.89,19.451
22.732,-32.317,0.305,22.195
22.732,-40.366,0.61,23.232
22.762,-44.817,0.244,20.732
22.762,-45.183,-3.78,16.89
22.762,-45,-10.488,15.671
22.793,-43.78,-16.341,18.72
22.793,-41.768,-21.524,23.72
22.793,-39.756,-24.329,23.78
22.854,-37.195,-25.976,22.317
22.854,-35.976,-29.207,22.378
22.854,-37.378,-31.89,21.037
22.86,-37.866,-36.524,18.476
22.86,-38.293,-42.5,17.439
22.86,-40,-45.915,16.951
22.883,-43.354,-45.488,13.963
22.883,-49.634,-40.732,4.329
22.883,-61.098,-30.976,-15.549
22.913,-70.244,-20.183,-42.134
22.913,-63.049,-12.988,-66.159
22.913,-48.11,-19.939,-79.451
22.942,-27.317,-34.878,-87.073
22.944,-1.463,-47.012,-96.829
22.944,18.354,-55.549,-101.342
22.979,37.073,-62.683,-95.183
22.98,55.305,-69.695,-87.561
22.98,73.171,-81.524,-83.293
23.002,90,-95.427,-72.927
23.002,100.854,-110.976,-55.61
23.002,101.524,-125.793,-38.354
23.032,94.634,-138.72,-27.378
23.032,83.841,-147.927,-24.329
23.032,72.317,-146.159,-26.707
23.062,60.671,-136.524,-26.402
23.062,50,-122.561,-17.927
23.062,39.329,-106.22,-6.707
23.092,30.122,-92.683,5.793
23.092,27.195,-82.988,19.024
23.092,25.976,-77.927,30.549
23.122,21.28,-77.317,38.171
23.122,13.171,-76.524,41.768
23.122,3.11,-71.524,41.524
23.159,-8.293,-63.171,38.11
23.16,-16.098,-54.207,34.512
23.16,-12.866,-43.72,32.866
23.176,-5.244,-33.902,33.72
23.176,-0.488,-29.207,39.512
23.176,6.28,-28.293,54.39
23.204,15.427,-30.671,77.195
23.204,21.524,-40.366,100.244
23.204,28.171,-44.695,115.122
23.234,32.195,-34.268,112.317
23.234,29.085,-34.634,102.744
23.234,20.854,-33.232,86.22
23.264,8.476,-26.463,63.476
23.265,-6.402,-21.28,43.598
23.265,-19.512,-19.329,32.073
23.294,-27.5,-15.366,28.659
23.295,-31.037,-12.683,32.683
23.295,-29.085,-13.841,43.293
23.324,-21.829,-13.659,57.866
23.324,-16.646,-7.622,73.841
23.324,-17.012,-0.793,87.195
23.354,-22.073,-0.549,95.488
23.354,-28.72,-6.829,100.671
23.355,-36.89,-13.78,107.439
23.4,-44.39,-19.451,119.39
23.4,-50.915,-26.463,137.195
23.4,-52.439,-32.317,158.415
23.417,-38.537,-31.159,178.293
23.419,-14.268,-31.829,192.317
23.419,8.11,-35.854,198.659
23.444,25.793,-36.524,198.049
23.444,35.305,-35,193.72
23.444,37.073,-30.488,188.354
23.474,36.341,-22.073,181.463
23.474,34.024,-10.488,174.939
23.474,27.866,3.293,169.268
23.506,17.317,16.768,162.561
23.506,3.11,31.463,153.354
23.506,-10,48.902,140.976
23.535,-14.451,66.829,122.988
23.536,-9.085,78.232,96.585
23.536,1.159,83.232,60.61
23.567,12.073,84.146,19.939
23.567,22.988,79.329,-17.317
23.567,32.988,71.768,-45.854
23.596,40.915,64.329,-67.073
23.596,46.768,55.488,-83.049
23.596,51.524,47.012,-93.049
23.632,55.244,40.793,-97.317
23.632,58.72,36.585,-98.11
23.632,62.439,29.451,-95.854
23.654,65.915,22.5,-89.878
23.654,69.817,21.463,-83.659
23.654,71.585,22.378,-80.061
23.677,71.585,23.11,-79.573
23.677,72.744,21.585,-80.915
23.677,77.378,15.488,-82.073
23.707,82.317,7.5,-79.878
23.707,84.024,4.146,-74.817
23.707,79.695,2.988,-68.11
23.737,69.207,1.646,-58.78
23.737,56.829,0.366,-48.841
23.737,42.805,-5.549,-43.841
23.767,33.902,-13.841,-43.171
23.767,32.683,-19.817,-45
23.767,39.817,-18.171,-45.671
23.806,52.988,-12.378,-39.268
23.806,67.561,-7.683,-22.561
23.806,77.622,-4.451,1.463
23.827,83.659,-0.61,27.561
23.827,88.354,2.683,52.439
23.827,88.232,4.817,76.159
23.857,81.402,5.976,98.232
23.857,69.085,6.768,115.61
23.857,57.866,13.293,126.281
23.887,53.11,20.976,134.878
23.887,54.207,25.488,143.232
23.887,56.341,26.463,150.488
23.919,57.256,27.622,154.329
23.919,58.415,30.122,154.329
23.919,54.146,29.268,150.854
23.947,43.537,29.085,144.817
23.947,37.744,34.207,139.695
23.947,33.963,40,137.256
23.977,24.573,43.232,135.793
23.977,8.232,44.024,131.585
23.977,-8.598,41.951,120.61
24.007,-20.915,39.268,100.793
24.007,-24.329,37.561,71.098
24.007,-26.585,32.561,61.463
24.045,-21.646,32.134,72.256
24.045,-13.476,35.915,82.256
24.045,-10.427,44.268,94.39
24.067,-9.939,54.878,109.329
24.067,-7.988,66.829,123.354
24.067,-4.939,77.927,134.39
24.097,-2.866,87.134,141.098
24.097,-2.927,95.732,141.402
24.097,-9.268,102.439,131.463
24.127,-21.524,104.939,96.951
24.127,-26.707,104.817,84.634
24.127,-25.671,97.988,69.878
24.157,-19.878,85.793,43.537
24.157,-11.037,70.488,22.012
24.157,-0.671,54.817,4.817
24.18,9.146,41.22,-4.939
24.18,18.476,29.207,-3.963
24.18,26.402,21.037,1.89
24.21,31.524,19.085,5.061
24.211,32.805,19.451,3.354
24.211,29.268,19.695,-0.671
24.241,22.561,19.512,-2.866
24.241,15.549,18.232,-0.915
24.241,14.085,15.915,2.561
24.269,18.78,12.256,2.805
24.269,21.829,7.561,-0.854
24.269,20.122,2.378,-7.317
24.307,17.805,-1.646,-15.366
24.307,15.549,-4.146,-23.171
24.307,12.927,-6.159,-29.39
24.33,12.073,-8.232,-33.902
24.33,12.927,-9.634,-35.793
24.33,14.207,-10.244,-34.695
24.367,14.878,-9.756,-31.402
24.367,14.39,-9.268,-26.89
24.367,13.841,-9.939,-22.805
24.389,15.488,-11.037,-20.061
24.389,20.244,-11.402,-18.598
24.389,25.976,-11.524,-19.756
24.42,28.415,-12.927,-24.634
24.42,29.39,-15.305,-32.561
24.421,29.817,-17.561,-40.976
24.45,28.415,-20.366,-48.293
24.45,28.049,-23.049,-53.598
24.45,32.561,-26.768,-56.037
24.479,38.902,-31.524,-55.793
24.48,40.976,-34.939,-50.854
24.48,40.549,-35.61,-41.037
24.509,41.159,-33.232,-29.207
24.51,40.793,-28.232,-20.183
24.51,37.195,-23.537,-15.854
24.539,30.976,-20.61,-16.89
24.539,23.171,-17.744,-21.89
24.539,16.585,-13.598,-28.476
24.57,13.415,-12.988,-33.963
24.57,12.805,-16.28,-38.537
24.57,9.939,-19.085,-44.268
24.599,4.756,-19.817,-52.134
24.599,-0.366,-20.488,-60.793
24.599,-5.793,-21.707,-68.11
24.63,-9.634,-20.427,-72.012
24.63,-11.646,-17.012,-70.305
24.63,-16.768,-13.293,-65.793
24.659,-25,-9.329,-62.927
24.659,-31.037,-5.244,-60.915
24.66,-34.268,0.976,-54.512
24.689,-39.512,10.427,-40
24.689,-48.537,21.402,-18.354
24.689,-57.805,32.134,3.354
24.712,-62.866,42.317,18.171
24.712,-63.78,46.159,23.963
24.712,-61.768,42.134,22.195
24.742,-57.866,33.537,15.976
24.742,-52.378,22.195,9.756
24.742,-45.976,10.671,5.793
24.773,-36.098,4.268,2.317
24.773,-24.756,2.927,1.951
24.773,-17.073,2.134,9.39
24.803,-14.451,3.293,21.037
24.803,-15.366,8.049,29.024
24.803,-17.744,10.854,32.561
24.832,-21.098,10.671,33.171
24.832,-24.939,9.451,31.463
24.832,-26.585,7.683,26.951
24.862,-26.341,4.634,20.305
24.863,-20.366,2.317,15.366
24.863,-10.671,-1.463,17.012
24.892,-2.805,-7.195,23.72
24.892,6.22,-12.073,30.732
24.892,15.244,-15.854,36.037
24.922,18.841,-17.561,40.244
24.922,18.476,-17.683,44.207
24.922,17.073,-16.341,46.524
24.952,15.122,-14.207,46.829
24.952,9.817,-14.451,44.695
24.952,0.976,-16.341,35.793
24.982,-12.073,-15.488,16.341
24.982,-22.988,-12.744,-9.451
24.982,-22.561,-13.171,-26.585
25.012,-14.939,-18.232,-33.232
25.012,-3.476,-25.854,-37.134
25.012,12.317,-32.622,-38.598
25.051,25.122,-36.585,-35.305
25.051,30.366,-37.622,-27.927
25.051,34.268,-34.451,-19.634
25.072,39.756,-30.305,-12.195
25.072,42.073,-28.659,-6.28
25.072,37.683,-27.439,-2.622
25.11,32.134,-26.707,-3.902
25.11,32.683,-29.146,-11.402
25.11,40,-33.598,-22.378
25.132,47.683,-40.488,-32.378
25.132,50.671,-46.89,-40.488
25.132,50.244,-49.39,-45.122
25.163,47.073,-48.171,-42.988
25.163,44.512,-44.207,-35.427
25.163,43.476,-39.39,-27.195
25.193,40.488,-36.037,-19.756
25.193,34.817,-35.366,-13.963
25.193,30.549,-36.951,-11.28
25.214,27.012,-42.012,-11.585
25.214,21.89,-48.598,-14.939
25.214,16.951,-52.866,-20.549
25.244,11.89,-53.293,-25.427
25.245,8.11,-49.39,-26.951
25.245,2.012,-43.11,-23.72
25.28,-5.061,-33.537,-17.317
25.28,-10.671,-19.024,-10.427
25.28,-16.89,-1.22,-3.659
25.305,-23.232,16.768,3.171
25.305,-28.537,30.183,11.585
25.305,-27.256,34.939,22.195
25.335,-17.073,26.768,35.671
25.335,-2.317,11.098,51.768
25.335,11.585,-3.902,63.598
25.365,15.427,-14.756,64.756
25.365,10.671,-20.305,55.671
25.365,6.341,-23.293,37.5
25.397,4.512,-27.439,12.927
25.397,5.061,-30.366,-10.366
25.397,5.244,-32.317,-28.476
25.425,5.183,-35.244,-40.122
25.425,7.378,-40.61,-46.098
25.425,11.159,-48.841,-46.524
25.463,14.817,-58.659,-42.561
25.463,20.671,-68.354,-38.171
25.463,30.122,-74.512,-36.829
25.485,43.902,-72.744,-40.549
25.485,59.024,-66.037,-51.707
25.485,66.22,-63.11,-63.537
25.514,66.768,-57.317,-69.024
25.514,66.28,-44.451,-70.244
25.515,63.171,-32.134,-69.878
25.546,58.354,-24.207,-71.037
25.546,56.402,-18.963,-74.024
25.546,55.366,-15.915,-75.488
25.576,56.037,-11.22,-74.573
25.576,57.561,-5.122,-73.232
25.576,56.402,2.5,-72.378
25.604,54.39,10.061,-72.195
25.605,54.634,12.744,-70.671
25.605,54.939,14.085,-66.829
25.642,53.841,21.159,-62.378
25.642,53.171,31.524,-61.037
25.642,52.378,39.207,-61.89
25.664,50.549,42.073,-59.085
25.664,50,42.134,-49.512
25.666,50,41.22,-38.963
25.695,49.207,40.244,-32.744
25.696,46.463,39.451,-30.488
25.696,37.805,40.854,-30.183
25.717,30,44.207,-26.22
25.717,29.512,47.378,-16.89
25.717,33.232,50.061,-3.354
25.754,35.915,51.341,9.939
25.754,38.476,52.866,17.5
25.754,38.963,53.659,20
25.785,37.012,52.256,21.159
25.786,35.671,51.037,22.317
25.786,33.78,51.646,26.646
25.807,30.305,52.256,35.122
25.808,27.988,49.329,42.073
25.808,22.256,45.61,41.89
25.837,11.037,44.817,37.134
25.837,0.793,46.89,32.134
25.838,-5.183,47.134,30.366
25.867,-7.195,43.902,33.78
25.867,-4.146,37.988,40.671
25.867,1.829,31.707,43.537
25.898,6.585,26.768,32.5
25.898,8.293,25.488,19.512
25.898,5.244,26.037,11.341
25.927,3.902,25.061,6.646
25.927,6.768,22.134,3.171
25.927,8.963,19.085,0
25.957,7.927,18.232,-2.378
25.957,4.634,19.634,-4.634
25.957,-2.134,22.317,-4.573
25.987,-9.695,26.707,-0.244
25.987,-15.183,33.659,4.329
25.987,-17.805,36.28,6.585
26.024,-14.451,30.183,7.744
26.024,-8.232,17.927,7.073
26.024,-1.341,6.707,4.939
26.047,3.659,2.195,2.439
26.047,3.049,4.451,-2.378
26.047,-1.402,11.159,-9.207
26.077,-7.012,20.183,-15
26.077,-13.415,30.366,-17.988
26.077,-20.488,39.146,-18.659
26.107,-26.707,43.841,-18.476
26.107,-27.805,44.329,-19.268
26.107,-19.024,37.317,-18.659
26.137,-3.598,19.451,-9.573
26.137,12.866,-3.598,4.024
26.137,30.549,-23.902,7.073
26.167,39.268,-33.171,-5.976
26.168,33.841,-27.927,-22.439
26.169,23.171,-12.866,-26.585
26.198,13.902,2.683,-15.488
26.198,7.439,12.805,0.854
26.198,5.244,17.256,11.89
26.221,3.902,22.317,22.683
26.221,-1.037,27.927,32.378
26.221,-6.951,31.037,37.561
26.249,-10.305,34.756,41.341
26.25,-14.817,41.463,47.134
26.25,-17.561,47.744,52.988
26.279,-13.659,50.183,54.146
26.28,-7.988,53.049,55.793
26.28,1.037,66.28,66.829
26.31,9.085,72.561,78.598
26.31,14.207,68.598,82.439
26.31,17.5,60.915,79.451
26.34,21.585,57.317,73.963
26.34,15.061,56.768,71.098
26.34,0.915,60,67.5
26.369,-16.037,65.732,59.878
26.369,-32.134,68.72,46.89
26.369,-46.098,67.195,34.024
26.407,-56.829,64.024,26.402
26.407,-64.512,59.39,24.695
26.407,-65.122,53.476,27.195
26.429,-61.159,44.878,31.098
26.429,-55.122,42.012,36.098
26.43,-51.707,45.549,42.195
26.46,-44.146,50.244,45.793
26.46,-30.61,56.159,48.415
26.46,-23.537,58.78,51.402
26.489,-26.951,56.768,52.5
26.49,-32.439,52.561,51.646
26.49,-34.695,47.378,51.341
26.52,-31.707,42.988,52.012
26.52,-24.085,37.134,53.902
26.52,-16.646,29.512,55.793
26.549,-10.915,21.159,56.524
26.55,-6.646,14.085,55.732
26.55,-3.659,8.598,54.085
26.579,-1.524,3.476,52.256
26.58,0.305,-1.524,50.732
26.58,1.524,-6.098,49.573
26.609,1.585,-9.207,48.659
26.61,-1.037,-9.329,47.195
26.61,-5.366,-6.768,46.037
26.639,-8.171,-1.89,45.549
26.64,-7.866,4.268,45.793
26.64,-6.28,9.573,46.829
